source_id,title,youtube_id,substantive_status,primary_part,primary_chapter,secondary_placements,story_or_case,mechanisms,qualifications_and_tensions,audience_questions,source_anchors,attribution_notes,editorial_review,updated_at
1,Asking Billionaires If They Pay Taxes!,4uFVDpGTHPQ,mapped,"Part IV: Capital, Risk, and Time","Taxes, Structure, and What You Keep",Part I geography and access; Part II ordinary businesses and reputation; Part III transferable ownership,"London refusals force a move to Mayfair; a jeweler moves from watches to cars and reports a COVID windfall; Richard Harpin explains HomeServe through copy-and-improve discipline, vendor finance, scale, sale, and tax; a post-Soviet mobile-phone entrepreneur emphasizes timing and proximity; a family-business operator closes with cost control and UAE residence.",Opportunity density and access friction; reputation in repeated trade; copy then improve; ordered hiring and focus; vendor-financed acquisition; margin through purchase cost; exit value; civic tax payment versus jurisdictional planning.,"Revenue, earnings, exit value, tax, and personal wealth must remain separate. Large numbers and transaction facts are reported claims. Paying tax as civic duty conflicts with legal tax-residence optimization. Timing and historical circumstance complicate agency. The jeweler's poverty claims remain attributed rather than endorsed.",Is there a legitimate tax strategy rather than a tax hack? Must a founder invent something unprecedented? When does copying become useful improvement? What makes a family business harder to govern?,00:02:48-00:02:57 Mayfair pivot; 00:04:36-00:04:41 reported $25M COVID year; 00:09:09-00:12:16 Harpin and vendor finance; 00:19:03-00:19:08 UAE residence; 00:00:35-00:00:41 teaser of reported GBP100M tax payment,"Name Richard Harpin where the transcript is clear. Keep the jeweler, Russian entrepreneur, and final operator unnamed unless the video verifies identity. Attribute all tax and wealth assertions to the relevant speaker.",evidence-mapped,2026-08-25
2,Asking London Billionaires How They Got Rich!,mRJN1l_w-Co,mapped,Part III: Own the Machine,Build Something That Can Outlive You,"Part I time and agency; Part IV leverage, recurring revenue, compounding, and collapse","London's guarded wealth gives way to an operator who designs for the buyer from the start; Simon Squibb reframes money as time and outcomes rather than sold hours; an older businessman describes learning, building a client base, and selling at a multiple; a banker describes leverage; a health-tech founder pairs a $55M overnight loss with recurring-revenue rebuilding.","Exit as design constraint; buyer identification; transferable client base; selling outcomes rather than hours; debt and time ownership; leverage; compounding; subscriptions, ARR, and valuation multiples; action after collapse.","Exit-first design can weaken customer or mission focus if treated as universal. The bank multiplier is a simplified speaker heuristic, not modern regulatory accounting. Claimed company scale is ambiguous. Debt creates both reach and fragility. Recurring revenue improves predictability but does not guarantee valuation or survival.",What makes a business saleable? Why does starting a business not itself create wealth? What is bought when a buyer acquires a company? How can income separate from hours? What survives a financing shock?,"00:11:42-00:11:49 client base, turnover, and sale multiple; 00:14:03-00:14:08 simplified bank multiplier; 00:00:30-00:00:35 $55M loss teaser; 00:17:44-00:17:50 5,000-subscriber recurring-income example","Name Simon Squibb. Keep unidentified operators generic pending video verification. Present monetary amounts, bank leverage, and valuation multiples as the speakers' accounts rather than verified financial statements.",evidence-mapped,2026-08-25
3,Asking Billionaires If They Believe In God!,npnyOvchXZs,mapped,Part V: Enough,Purpose Beyond the Number,"Part I starting conditions and belief; Part III ownership and partnership; Part V legacy, faith, and service","Austin's access problem frames several different interpretations of success: a veteran investor links responsibility, resilience, purpose, and faith; a healthcare founder moves from poverty and salary pressure to half ownership in a reported $460M sale; Tim Tebow turns from earnings to mission and legacy; a post-exit couple describes trust, shared purpose, discomfort, and why freedom alone is not purpose.",Purpose as endurance under uncertainty; ownership share in a liquidity event; social circle and capability growth; legacy through service; marriage as operating partnership; discomfort and experimentation after financial freedom.,"Religious explanations are testimony and interpretation, not proof. Exit arithmetic is a cautious gross estimate before tax, dilution, and transaction effects. Celebrity earnings and global social-harm figures are reported claims. Freedom can remove constraint while leaving purpose unresolved.",What stabilizes action under doubt? What changed salary security into financial freedom? What matters after visible success? How can a couple retain common purpose after an exit?,"00:02:47-00:02:56 leadership, resilience, and purpose; 00:04:02-00:04:05 explicit faith question; 00:07:24-00:07:29 founder's non-wealthy childhood; transcript sections covering the reported $460M healthcare sale, Tim Tebow, and the post-exit couple require final chapter-level timestamp recheck",Name Tim Tebow. Identify other speakers only after video verification. Keep faith claims in the speakers' voices and clearly distinguish gross sale value from individual proceeds.,evidence-mapped-needs-anchor-refinement,2026-08-25
4,Asking Billionaires If Getting Rich Was Worth It,dK5bG5ZE3yI,mapped,Part V: Enough,What Money Can and Cannot Buy,"Part II sales and truthful persuasion; Part III teams and complementary skill; Part IV reinvestment, leverage, and taxes","A beverage founder describes serial reinvestment, speed, work, family, employees, and shared upside; a UK phone-retail builder links challenge to happiness, truthful selling to credibility, and wealth to tax duty; Scooter Braun recalls scarcity, target-number emptiness, inner work, and money as freedom; a Las Vegas investor closes with leverage of people, time, and money after severe debt.","Serial capital and reputation; team participation; speed in execution; honest disclosure in sales; tax as civic obligation; complementary hiring; leverage of people, time, and money; mentorship and persistence after debt.","Happiness responses conflict and should not become one formula. Money can increase freedom and still leave inner conflict. Approximate return arithmetic and monetary claims are inconsistent across the edit. Extreme persistence can consume family, health, and self-knowledge. Tax claims remain speaker positions.",Was getting rich worth the sacrifice? Does money buy happiness? What should wealth owe the society in which it was made? Why can reaching the target number still feel empty? How does leverage scale without hollowing out life?,"00:01:30-00:01:41 governing sacrifice and happiness question; 00:03:49-00:03:56 money is not the answer to everything; later beverage, phone-retail, Scooter Braun, and Las Vegas sections require final chapter-level timestamp refinement","Name Scooter Braun after video confirmation. Preserve the different speakers' answers without synthesizing endorsement. Attribute tax duty, happiness, and leverage claims individually.",evidence-mapped-needs-anchor-refinement,2026-08-25
5,Asking Dallas Billionaires How They Got Rich!,rrDdi0vZn00,mapped,Part III: Own the Machine,The Company Is Other People,"Part II value proposition and unglamorous markets; Part IV distressed assets, cash flow, debt, and time; Part V wonderful life and sacrifice","A Dallas operator says a company must be irresistible and staffed by exceptional people, then points to car washes; an oil-and-gas investor recalls buying $1.6M of distressed loans for $64K and insists a wonderful life is richer than money alone; a formerly incarcerated HVAC operator emphasizes hiring one's weakness; Jim Keyes reduces crisis leadership to cash, communication, and character; Ben Pogue turns a private jet from spectacle into time arithmetic while acknowledging lost relationships.",Buyer-side value proposition; talent as productive capital; focused ownership in ordinary businesses; distressed-asset asymmetry; cycles; complementary hiring; crisis cash flow and debt discipline; leadership communication; time-saving assets; family-business succession.,Business ownership is central but corporate leadership and employee capability also create wealth. Concentrated bets can create asymmetry and ruin. A private jet saves time only after its full cost and use are justified. Ambition may build the company while damaging relationships. Rich is visible; durable wealth can remain quiet.,What makes a company irresistible? Why do ordinary businesses produce large outcomes? How should a leader act in a downturn? When is an expensive asset a productive tool rather than a trophy? What should never be sacrificed for scale?,00:02:15-00:02:23 irresistible company and talent; 00:02:38-00:02:42 car washes; 00:04:20-00:04:24 rich versus quiet wealth; 00:06:47-00:07:00 distressed loans; 00:08:00-00:08:06 wonderful life; 00:11:03-00:11:08 hire your weakness; 00:15:27-00:15:33 cash flow; 00:18:25-00:18:34 time machine; 00:22:44-00:22:49 lost relationships,Name Jim Keyes and Ben Pogue where video confirms. Keep other speakers generic until checked. Treat monetary and transaction figures as reported examples.,evidence-mapped,2026-08-25
6,Asking Miami Billionaires How They Got Rich!,lU-bh2xPl4Y,mapped,Part III: Own the Machine,Build a Platform That Can Scale,"Part II persuasion and customer access; Part IV property leverage and liquidity; Part V sacrifice, character, and regret","After repeated Miami refusals, a food-distribution operator traces a reported $300,000 acquisition through team, procurement, service, real estate, and two large exits; John Ruiz describes immigrant beginnings, an $800 credit-card start, labor exchanged for office access, platform scale, relentless availability, and character; Jordan Belfort closes with recruiting, objection diagnosis, pivots, sobriety, regret, and need-first selling.",Acquisition as purchased industry access; customer service and sales capacity; process and entity design; transferable operating platform; property equity and refinancing; negotiation; scale through larger problem classes; recruiting through a credible vision; distinguishing true refusal from unresolved objection; diagnosing need before pitching.,"Sale prices, property values, and one-day cash are reported claims rather than audited outcomes. Refinancing creates liquidity but also debt, interest, and downside exposure. Buying access is not equivalent to buying a guaranteed income stream. Extreme availability and little sleep can damage health and relationships. Belfort's sales lessons must be separated from endorsement of his past conduct.",What does an acquisition really buy? How can property wealth become liquid without a sale? When should a founder buy rather than build? Which parts of a business make scale transferable? How can persuasion clarify a need without overriding a genuine no?,"00:02:39-00:02:54 $300,000 food-distribution acquisition and reported scale; 00:03:58-00:04:03 refinance mechanism; 00:05:44-00:05:54 start-versus-buy and key employees; 00:07:47-00:08:02 John Ruiz introduction; 00:09:23-00:09:27 Discover-card start; 00:10:58-00:11:01 sleep claim; 00:15:58-00:16:04 Belfort's reported $23M day; 00:20:03-00:20:14 need-first pen test","Name John Ruiz and Jordan Belfort where the video confirms them. Keep the first operator generic until visual verification. Attribute all valuations, returns, tax treatment, and cash figures to the relevant speaker and describe the refinance example as a simplified account.",evidence-mapped,2026-08-25
7,Asking Beverly Hill Billionaires How They Got Rich!,uwh4gWNgb1w,mapped,"Part IV: Capital, Risk, and Time",The Number That Is Enough,"Part I mobility, mentors, and approval; Part II communication and attention; Part III portfolio ownership; Part V empathy and generational purpose","An unnamed woman billionaire moves from inherited debt to a multi-company portfolio and corrects the difference between revenue, accounting profit, and after-tax distributable cash; Dr. Forbes Riley treats communication as the first infrastructure of opportunity; Myles Garrett describes high athletic income, preservation, family motive, and total commitment; a Flexjet-associated billionaire defines rich relative to annual spending and ends with openness, children, trust, and empathy.","Cash extraction rather than vanity revenue; bad debt and bad stock as hidden leakage; mentors and geographic mobility; indifference to approval; communication, pitching, and attention; preservation and asset allocation; commitment; lifestyle-relative financial independence using roughly twenty-five times annual spending.","Reported company counts, earnings, inherited debt, sales volume, and athlete income are speaker or host claims. Distributable cash is not the only measure of business health. Leaving home and seeking wealthy mentors may expand opportunity but is not universally available. The twenty-five-times-spend rule is a planning heuristic sensitive to returns, taxes, inflation, sequence risk, and horizon, not a guarantee.","If revenue and profit can both mislead, what cash actually belongs to the owner? Can comfort, locality, and approval constrain growth? Why does communication create opportunity? How should high income become durable wealth? How much is enough for a chosen life?",00:03:19-00:03:40 reported $80M period and inherited debt; 00:04:46-00:04:55 net cash and after-tax dividend; 00:05:42-00:05:44 leaving one's hometown; 00:08:30-00:08:34 Dr. Forbes Riley identification; 00:11:12-00:11:17 Myles Garrett encounter; 00:12:26-00:12:28 all-in principle; 00:15:14-00:15:18 twenty-five-times-spend heuristic; 00:16:51-00:16:53 empathy,"Use the verified spelling Myles Garrett only after checking the source video or metadata; the transcript says Miles. Name Dr. Forbes Riley. Keep the first woman and Flexjet speaker generic until visual identity review. Present the spending multiple as the speaker's heuristic, not individualized financial advice.",evidence-mapped-needs-identity-verification,2026-08-25
8,Asking Wealthy Americans How They Got Rich! (Palm Beach),AUaEd3_JbP8,mapped,Part II: Make Something Valuable,Value Is What the Market Rewards,"Part I access, fear, and courage; Part III operator-to-owner leverage; Part IV capital deployment, spending, compounding, and diversification; Part V giving, mission, and dignity","Palm Beach refusals lead to a yacht owner who argues against parked capital, then to a private-equity operator on spending discipline, compounding, networks, and follow-up. Tony Robbins's childhood Thanksgiving story turns anonymous help into a widening practice of giving, then moves through equal dignity, unequal marketplace rewards, value creation, fear, leverage, diversification, and mission. A short Jake Paul coda revisits net income, fear, vision, and discipline.",Capital deployment versus idle cash; replacement discipline after spending; compound growth; relationship maintenance and follow-up; giving before abundance; increasing market value by doing more for others; courage as action with fear present; moving from operator to owner; leadership leverage; diversification; net rather than gross economics.,"Human dignity must not be confused with market price. Market rewards are shaped by bargaining power, institutions, inherited access, luck, and externalities as well as value delivered. Deployed capital can be lost. The yacht and company-scale numbers include unstable transcription. Giving counts shift among families, people, and meals and must not be collapsed into one series. Celebrity testimony is not a universal causal law.","When is cash prudence and when is it stagnation? Why replace spending with greater earning? If people are equal in dignity, why are market outcomes unequal? What does becoming more valuable actually require? How can fear coexist with action? When should an operator begin building leaders and diversification?",00:04:33-00:04:38 reported EUR120M yacht figure and host misread; 00:07:37-00:07:42 reported yacht offers; 00:09:13-00:09:30 spend-one/make-two and compounding; 00:15:42-00:15:52 Thanksgiving scarcity; 00:16:29-00:16:40 giving from families to a reported billion meals; 00:17:22-00:18:11 Jim Rohn and marketplace value; 00:18:54-00:18:59 fear-less distinction; 00:20:13-00:20:16 operator-to-owner transition; 00:22:12-00:22:24 Jake Paul access,"Name Tony Robbins and Jake Paul where confirmed. Keep the yacht and private-equity operators generic until video review. Attribute marketplace, giving, company-count, and financial claims to their speakers. Do not reproduce garbled or hyperbolic host arithmetic as fact.",evidence-mapped-needs-numeric-refinement,2026-08-25
9,Asking NY Billionaires How They Got Rich!,DmDeNuTUetE,mapped,Part III: Own the Machine,Make the Business Independent of You,"Part I execution and reinvention; Part IV leverage, resilience, concentration, and preservation; Part V gratitude, faith, family, collapse, and happiness","A New York search moves from refusals to the founder of Sweat, who describes bootstrapping, reinvention, a reported $400M sale, and founder dependence as key-person risk. A logistics operator grows from a small receivable, two trucks, and an empty warehouse into land and more than 1,000 tenants while arguing for low leverage. Jameis Winston separates endorsement spending from game income and frames family wealth as choices. Adam Weitsman describes leverage, prison, rebuilding, ego, sacrifice, and happiness without luxury dependence.",Bootstrapping; identity reinvention; saleability through reduced founder dependence; operating cash flow reinvested into land; debt-free resilience; financing useful assets over less than their service life; execution before perfect readiness; income partition and preservation; leverage during growth followed by de-risking; rebuilding reputation and capacity after collapse.,"Bootstrapping and leverage are both represented, and neither is universally superior. A cash-free, debt-free transaction does not mean proceeds equal personal after-tax wealth. Athlete salary and endorsements are volatile and career-limited. The prison discussion contains garbled legal language and should not imply a precise offense without verification. Persistence and faith are stabilizing accounts, not guarantees of recovery.",What makes a founder-built company saleable? Does real-estate wealth require leverage or resilience? How can a family begin building wealth without inherited capital? When does leverage accelerate growth and when does it own the borrower? What remains when status and luxury disappear?,"00:03:00-00:03:08 Sweat and reported $400M sale; 00:04:56-00:04:58 key-person risk; 00:06:41-00:06:45 two trucks and empty warehouse; 00:08:17-00:08:21 more than 1,000 tenants; 00:08:27-00:08:43 debt-free operation and sale; 00:12:10-00:12:15 graveyard metaphor; 00:13:52-00:13:56 endorsement versus game income; 00:17:45-00:18:06 Adam Weitsman and leverage; 00:19:18-00:19:30 prison timeline; 00:20:27-00:20:44 happiness without possessions","Verify and use the correct spellings Kayla Itsines, Jameis Winston, and Adam Weitsman against video metadata before publication. Attribute sale values, tenant counts, earnings, and deal structure to speakers. Paraphrase garbled legal passages and do not infer an offense.",evidence-mapped-needs-identity-verification,2026-08-25
10,Asking Mega Mansion Owners How They Got Rich!,E_9nX5ReMcY,mapped,Part II: Make Something Valuable,Move Before the Market Is Obvious,"Part III systems, automation, reputation, and succession; Part IV crisis concentration, patience, trusts, and compounding; Part V purpose after exit and intergenerational responsibility","Long Island refusals lead to Sergio, who turns unfair value capture in another system into an early internet-advertising opportunity, later selling to Blackstone while emphasizing automation, critical thinking, service, perseverance through 2008, and work after exit. Teddy contrasts robotics-scale headlines with patient brand-building. Jody describes immigrant manufacturing, niche focus, moderation, trusts, and promises. Scott describes a pickup-truck start, a concentrated 2008 real-estate bet, charter schools, verification, urgency, and holding.",Market timing in a field without entrenched mastery; founder-mode service; automation of repetitive tasks while reserving judgment for people; differentiated responsiveness; patience after rapid growth; trend leverage; investing in capability; niche specialization; spending restraint and trusts; reputation as commercial infrastructure; crisis acquisition; urgency in execution paired with patience in ownership.,"New fields offer opportunity and high failure rates. Automation can remove drudgery while creating employment, quality, and accountability costs. Fast execution and patient ownership govern different timescales and should not become contradictory slogans. A concentrated crisis bet can create wealth or ruin. Trusts and holding strategies require legal, tax, liquidity, and family-specific judgment. Reported valuations remain attributed claims.","Why enter a new uncertain market rather than a mature one? Which work should machines perform and which judgment should people retain? If speed matters, why does fast money rarely last? How can wealth survive heirs? How do urgency and patience coexist? When should an asset be held rather than sold?",00:06:03-00:06:06 internet-advertising company and Blackstone; 00:06:47-00:06:49 why an early market; 00:07:24-00:07:40 repetitive work versus critical thinking; 00:13:48-00:13:54 fast money and patience; 00:16:16-00:16:20 Teddy identification; 00:19:50-00:19:54 trusts; 00:21:58-00:22:01 Scott encounter; 00:22:31-00:22:34 2008 crisis; 00:24:18-00:24:23 trust but verify; 00:24:37-00:24:49 urgency; 00:25:53-00:25:58 hold and be patient,"Keep Sergio, Teddy, Jody, and Scott first-name-only until video verification supplies reliable full identities. Attribute company sales, portfolio values, and business scale to each speaker. Keep the sponsor's LLC claims separate from interview evidence and out of the reader-facing argument unless independently needed.",evidence-mapped-needs-identity-verification,2026-08-25
11,Asking One of the Richest Men in Dubai How He Got Rich!,yUCRSAWh_ls,mapped,Part III: Own the Machine,Control the Critical Links,"Part I rejection, uncertainty, faith, and persistence; Part II product quality, design, and audience; Part IV property concentration and long horizons; Part V legacy","At Dubai's Bugatti Residences, a developer identified in the transcript as Mohamed Benghadi describes obsession, repeated rejection, real estate as his preferred tangible asset, construction ownership, seven factories, learning without a complete map, product quality, design as story, self-starting talent, a ten-year horizon, and a cycle of trying, failing, learning, fixing, and trying again.",Vertical integration across construction and supply; speed through controlled dependencies; quality before promotion; audience-specific design; capability added after bottlenecks appear; learning by movement under uncertainty; selection of self-directed people; consistency across long horizons; commercial value joined to legacy.,"Vertical integration can improve control while increasing capital intensity, fixed cost, and concentration. Real estate is neither low-volatility nor always safe in every market. The reported almost-$5B year, project uniqueness, celebrity buyers, and development scale are attributed claims. Obsession and very long work horizons can conflict with health, family, and enoughness. Faith remains personal testimony.",Why do wealthy operators repeatedly choose real estate? When is vertical integration control and when is it dangerous concentration? How can a company begin without a complete map? What makes product quality more durable than promotion? How should a builder think beyond a single exit?,00:00:16-00:00:19 reported almost-$5B year; 00:00:33-00:00:55 developer introduction; 00:01:15-00:01:30 Bugatti Residences setting; 00:04:18-00:04:26 vertical integration and seven factories; 00:04:54-00:04:56 incomplete map; 00:09:17-00:09:20 quality; 00:13:18-00:13:21 ten-year game; 00:15:00-00:15:05 final message; 00:15:25-00:15:26 legacy,"Verify the subject as Mohamed Binghatti against the actual video before publication; the transcript renders the surname inconsistently. Attribute all project, revenue, valuation, buyer, and safety claims to him. Keep promotional real-estate claims distinct from general investment guidance.",evidence-mapped-needs-identity-verification,2026-08-25
12,Asking Wealthy Americans How They Got So Rich! (Scottsdale),z810EM7Q5Mg,mapped,"Part IV: Capital, Risk, and Time","Speed, Reinvestment, and Borrowed Reach","Part II sales, response time, and unglamorous markets; Part III process before scale; Part IV real-estate cash flow, tax claims, and leverage; Part V enjoying life beyond money","A private fintech operator explains why companies choke between $10M and $100M when process trails growth. Mat Ishbia links mortgage scale to minute-by-minute allocation, reinvestment, living below means, and response speed. Ken McElroy moves from mentorship and credibility into units, leases, depreciation, and other people's money. Robert Kiyosaki closes with debt as a dangerous tool, sales as communication, rejection tolerance, and a polemic against conventional financial education.",Building process before demand; time allocation and rapid response; reinvesting operating earnings; lifestyle restraint; compounding; mentor access earned through usefulness and credibility; long leases and capital structure; deposits intermediated into loans; debt-financed assets; sales practice and rejection exposure.,"Speed can improve learning and service while increasing error and compliance risk. Sacrificing sleep is not a general productivity prescription. Debt magnifies gains and losses, and bank intermediation is more regulated and complex than the interview shorthand. Tax examples are jurisdiction- and time-specific. Kiyosaki's debt, education, and macroeconomic claims are his positions, not neutral financial doctrine. Money is explicitly not the end of life in Ishbia's close.","Why do firms choke at scale? If everyone has the same day, which uses of time actually compound? How much profit should be reinvested rather than consumed? How does other people's money reach an owner? If debt is dangerous, when can it still be useful? Why must an entrepreneur learn sales?",00:04:41-00:04:47 $10M-to-$100M bottleneck; 00:07:44-00:07:54 time and twenty-four hours; 00:09:37-00:10:03 reported $60M and $3B periods; 00:11:26-00:11:38 Mat Ishbia identification and money-not-everything close; 00:16:13-00:16:16 other people's money; 00:17:43-00:18:42 Robert Kiyosaki setup; 00:19:34-00:20:33 sales and rejection,"Use the verified spellings Mat Ishbia, Ken McElroy, and Robert Kiyosaki after checking video metadata. Attribute all earnings, portfolio, tax, debt, and macroeconomic statements to the speakers. Exclude sponsor product claims from the book's evidence base.",evidence-mapped-needs-numeric-and-legal-review,2026-08-25
13,Asking Millionaires How They Got Rich! (Silicon Valley),wOsnxJCy2p8,mapped,Part II: Make Something Valuable,"Price the Future, Not Only the Present","Part I access, track record, faith, and sacrifice; Part III customer dependence, industrial capacity, and employee equity; Part IV concentration and long-horizon stock exposure; Part V service and happiness","Silicon Valley refusals give way to a venture investor's compact screen of market, customer, AI, and track record. A serial founder describes a reported $70M sale after roughly $17M of spend and only $60K of revenue, then finds opportunity in switchgear capacity shortages. An Apple employee describes wealth through nearly twenty years of stock exposure. A satellite founder repairs a broken post-9/11 information system by listening to government need. A plastic surgeon closes on patient outcomes and happiness.",Market size and customer need; strategic value exceeding current revenue; replacement cost and fit with a buyer; capacity shortages in old industries; value-based pricing; employee equity and long holding periods; repairing broken information infrastructure; selling what customers need rather than inventory on hand; service quality as repeatable value.,"A large exit on tiny revenue is exceptional and may reflect strategic scarcity, technology, team, intellectual property, or buyer fit not fully disclosed. Spend is not itself value. Concentrated employee stock can create wealth and severe downside. Industrial shortage claims and contract values are reported estimates. Faith and happiness are speaker interpretations. Company and founder names remain uncertain in ASR.",What makes a founder or investor credible? How can a low-revenue company command a high price? Why can old industrial products produce extraordinary opportunity? Can an employee become wealthy without founding a company? When is a broken system worth rebuilding? What makes service economically durable?,"00:02:50-00:03:32 credibility and venture screen; 00:05:32-00:06:08 reported $70M sale, $60K revenue, and $17M spend; 00:07:22-00:08:12 switchgear opportunity; 00:11:31-00:11:59 Apple tenure and stock; 00:13:52-00:16:18 satellite-company case; 00:15:40-00:15:42 customer need; 00:16:42-00:17:11 plastic-surgery path","Keep uncertain founders and company names generic until the source video stabilizes them. Attribute all deal values, capacity claims, and contract scale to speakers. Do not imply that revenue is irrelevant in ordinary valuation or that concentrated stock is broadly prudent.",evidence-mapped-needs-identity-and-deal-verification,2026-08-25
14,Asking Millionaires How They Got RICH! (Philadelphia),hJYkUMV8I_s,mapped,"Part IV: Capital, Risk, and Time",The Long Flat Part of Compounding,"Part I rejection, faith, social judgment, and ownership; Part II boring businesses and reputation; Part III private-equity improvement and transferable ownership; Part IV index funds, bank trust, and property leverage; Part V family and regret","Philadelphia's guarded old money leads first to a filmmaker who turns rejection toward ownership, remembers Clarence Avant's favor book, and warns against mistaking attendance for alliance. A private-equity and sports owner explains operating improvement, ordinary service businesses, leverage, and reputation. A retired dentist contrasts saving with Vanguard index investing and geometric compounding. A local property operator closes with bank relationships, approximate 30/70 financing, principal paydown, block ownership, family, regret, and faith.",Rejection as path correction toward ownership; reciprocal relationship memory; distinguishing proximity from alliance; private-equity operational improvement and multiple expansion; durable demand in ordinary services; reputation as slow-built capital; regular index investing; geometric compounding over time; bank credibility; conservative leverage and principal reduction; equity reused for adjacent property.,"A favor ledger can support reciprocity or become transactional; context and ethics matter. Private-equity gains can come from improvement, leverage, cost transfer, timing, or multiple change and should not be romanticized. Index investing carries market risk and concentration choices. Property leverage depends on income, rates, liquidity, and local conditions. The host's income and promotional claims are not core evidence. Family regret limits the value of financial scale.",How can rejection redirect a person toward ownership? What distinguishes a real ally from a visible contact? How does private equity create and extract value? Why does compounding appear slow before accelerating? How does a borrower earn repeated bank trust? What should property growth serve beyond rent?,00:03:29-00:03:55 filmmaker and producer role; 00:06:07-00:06:11 favor book; 00:06:42-00:06:46 attendance versus alliance; 00:07:43-00:08:15 private-equity encounter and identity uncertainty; 00:13:41-00:14:25 Vanguard index funds and geometric growth; later transcript section on approximate 30/70 property financing requires final timestamp refinement,"Verify filmmaker and property-operator identities from video. The private-equity speaker is likely David Adelman, though the transcript says David Edelman; do not publish the name until checked. Attribute asset scale, sports ownership, returns, and financing practices to speakers.",evidence-mapped-needs-identity-and-anchor-verification,2026-08-25
15,I Asked Dana White How He Made $500 Million!,ZdUmqGB-XpA,mapped,Part III: Own the Machine,See the Product Others Misunderstand,"Part I risk windows, rejection, faith, and consistency; Part II audience, narrative, distribution, and patents; Part IV bonds, property, reinvestment, and liability; Part V loyalty, employees, and enough","Before Dana White, a Beverly Hills inventor recalls work, missed Google equity, bonds, industrial property, and liability structure; Jeffrey Phillips describes a reported $48M intermediary commission, patents, deal flow, belief, and paper valuation. Dana White then recounts rejecting ordinary work, entering a failing UFC, retaining what audiences loved about boxing while removing what they hated, surviving repeated collapse, proving the company anew, protecting employees during COVID, building alternative distribution, and relying on consistency.",Asymmetric equity opportunities; income converted into bonds and industrial property; liability separation; intermediary value through matching counterparties; patent ownership; product subtraction and amplification; audience narrative; competitive intensity; annual operating reset; loyalty and retained teams; distribution invention under constraint; reinvestment and consistent execution.,"Missed upside is visible only in hindsight. Bonds, real estate, patents, and LLCs have specific legal and risk limits. Paper valuation is not liquidity. The commission, UFC value, and $7.7B Paramount transaction are reported claims. Dana White's aggressive maxims and no-is-not-terminal stance must not override consent, law, safety, or legitimate counterparty refusal. Loyalty during crisis is valuable but should not erase labor or health tradeoffs.",Which missed opportunities are lessons rather than hindsight traps? What legal structure should exist before scale? How does an intermediary earn a large fee? What did Dana White see in a failing product? How can a company preserve its audience while changing its category? What does consistency look like after success?,"00:02:19-00:02:35 missed Google opportunity; 00:04:05-00:04:29 LLC and liability exchange; 00:06:52-00:06:54 reported $48M commission; 00:07:48-00:08:39 Jeffrey Phillips, paper valuation, and patents; 00:11:20-00:11:23 Dana White transition; 00:16:03-00:16:07 reported Paramount deal; 00:17:43-00:18:38 COVID and distribution; 00:19:39-00:19:53 consistency and drive","Name Dana White and Jeffrey Phillips where confirmed. Keep the first Beverly Hills speaker as Tony unless video confirms a full identity. Attribute all deal, valuation, patent, bond, and company-scale claims. Treat sponsor LLC commentary as host material, not legal advice.",evidence-mapped-needs-legal-and-identity-review,2026-08-25
17,Asking Wall Street Moguls How They Got Rich!,AATw4YRFSw8,mapped,Part II: Make Something Valuable,Attention Opens the Door; Trust Keeps It Open,"Part I mortality, discipline, and opportunity exposure; Part III executive care and public-market scale; Part IV cash flow, assets, and consumption; Part V freedom, grief, and happiness","A Wall Street search begins with Gary Vaynerchuk on executive attention, one-to-one care, organic distribution, education debt, and mortality. A broker adds discipline and stoicism; a Snowflake executive discusses IPO timing, AI, and cash flow in loose operating terms. Peter Tuchman then contrasts stocks with stuff, recounts broke years and a chance subway reconnection earned by continuing to show up, explains exchange-floor scale, and distinguishes freedom from happiness.",Non-scalable leadership contact inside scalable organizations; attention as distribution; organic reach; disciplined exposure to opportunity; cash flow as near-term survival; ownership of productive assets rather than status consumption; repeated showing up; public-market order flow; money as optionality rather than emotional completion.,"Attention is necessary for demand but not sufficient for customer value or retention. One-to-one executive contact can build trust and also fail to scale without systems. College value depends on cost, field, alternatives, and completion. Pre-profit cash-flow language in the interview is imprecise. Concentrated stock exposure carries risk. Chance matters in Tuchman's subway story, but continued presence made the chance usable. Money can increase freedom without producing happiness.",Why do human interactions become more valuable as technology scales? What kind of attention converts into a business rather than noise? What does cash flow protect before profitability? Why own assets rather than accumulate status goods? How can someone remain exposed to opportunity after a setback? What can money buy if not happiness?,"00:02:05-00:02:08 Gary Vaynerchuk; 00:03:41-00:03:53 non-scalable contact in an AI-heavy world; 00:04:59-00:05:03 attention; 00:05:02-00:05:27 mortality and urgency; 00:11:40-00:12:34 Snowflake and cash flow; 00:14:54-00:15:28 stocks not stuff; 00:16:07-00:16:24 showing up and subway opportunity; 00:17:12-00:17:29 Peter Tuchman, grief, and illness; 00:18:44-00:18:47 exchange share volume; 00:19:52-00:19:59 freedom versus happiness","Name Gary Vaynerchuk and Peter Tuchman. Verify the Snowflake executive and broker identities before naming them. Attribute earnings, company scale, stock exposure, and floor-volume claims to speakers. Keep sponsor attention claims outside the evidence spine.",evidence-mapped-needs-finance-and-identity-review,2026-08-25
20,I Interviewed 30 Billionaires... Here’s What I Learned,aGrMOowjMag,mapped,Part I: What Money Is For,A Finite Life Needs a Deliberate Game,"Part II advice filters, credibility, marketing, and problem size; Part III teams, owner draw, and income beyond hours; Part IV investment, reinvestment, and long horizons; Part V self-trust and mortality","A guest reverses the interview and turns the host into a case study before a ranked retrospective revisits Will Smith on earned advice, Robert Herjavec on credibility before connections, Ashley Fox on investing, a Houston operator on retaining profit, Reid Hoffman on a ten-year game, Mohammed Binghatti on omnipresence, John Morgan on hiring smarter people, and Billy Ray Taylor on trusting one's wings and measuring the finite ribbon of a life.",Advice filtered by relevant experience; credibility built before access; saving converted into productive investment; low owner draw and retained earnings; long strategic horizon; distribution through repeated visibility; complementary hiring; income not wholly tied to labor hours; adapting to change; marketing hidden value; acting before perfect conditions; selecting larger valuable problems; self-trust under uncertainty.,"This is a host-curated retrospective, so repeated clips are secondary synthesis rather than independent corroboration. The host's monthly and annual revenue are reported business claims, not personal take-home wealth. Investing does not eliminate the role of emergency savings. Low draw can strengthen a company and starve a household if applied blindly. Passive income still rests on capital, systems, labor, or risk. Omnipresence can become waste or intrusion. Life-expectancy numbers in the ribbon demonstration are illustrative.",Who has earned the right to advise us? Must connections precede credibility? Can saving alone produce financial freedom? How much should an owner retain? Why do durable games take a decade? Do leaders need to be the smartest people in the room? What can earn while the owner sleeps? Are larger problems sometimes less crowded? How much usable life remains?,"00:00:30-00:01:27 host's reported interview and revenue scale; 00:02:31-00:03:16 Will Smith and Robert Herjavec; 00:05:34-00:05:37 investing rather than saving alone; 00:08:43-00:09:24 host business margin and owner draw; 00:10:10-00:10:43 ten-year game; 00:11:14-00:11:27 sales, marketing, and omnipresence; 00:13:53-00:14:27 hire scientists; 00:14:45-00:15:17 income while sleeping; 00:17:57-00:19:33 marketing and action; 00:21:13-00:21:55 Billy Ray Taylor and wings; 00:23:01-00:23:09 finite ribbon","Name public figures only where the source clip is clear. Attribute all host revenue, company, and life-expectancy numbers. Avoid presenting the ranked lessons as statistically derived findings; they are the host's retrospective interpretation of prior encounters.",evidence-mapped-retrospective-source,2026-08-25
21,A 60 Year Old Millionaire Shares What Actually Made Him RICH!,t8FXPpfkxQY,mapped,"Part IV: Capital, Risk, and Time",Reserves Buy the Right to Survive,"Part I patience, self-reliance, and faith; Part II delivery and location economics; Part III measurable operations and franchise turnarounds; Part V volatility, work, and recovery","Dave Ramsey argues that debt adds fragility and describes staged, cash-funded real-estate growth through retained operating cash and crisis purchases. Jimmy John Liautaud moves from school failure to a measurable sandwich operation, intelligible land and farm assets, operator selection, store turnarounds, reverse-pitch franchising, betrayal, and delivery that converts cheaper locations into wider demand. Charlie Sheen closes with volatile income, reserves for a rainy decade, public collapse, restart, and honoring work.",Debt refusal and organic growth; retained cash recycled into property; patience and countercyclical buying; positive cash-flow snowball; measurement before management; investing only in understandable assets; selecting operators; unit-level turnaround before expansion; delivery radius as location arbitrage; reserves that smooth volatile income; restarting after loss.,"Debt avoidance reduces financial fragility and can slow growth or leave viable opportunities unfunded. Ramsey's campus and property figures are reported and categorically distinct. Operator-selection heuristics can understate systems and market quality. Creation-phase sacrifice is not a universal rejection of family or rest. Celebrity income is unstable, and reserves do not repair every reputational or health loss. Faith remains testimony.","If large firms borrow, why reject debt? How can property be acquired without leverage? Which operating numbers must be measured? Should an investor bet on the asset or the operator? How did delivery overcome weaker locations? What reserve is needed when a high-income spigot can close?",00:02:02-00:02:03 Dave Ramsey identification; 00:02:26-00:02:32 reported campus and property scale; 00:02:50-00:02:51 debt-equals-risk maxim; 00:08:17-00:08:19 Jimmy John encounter; 00:09:18-00:09:31 measurement and numbers; 00:10:32-00:10:45 jockey heuristic; 00:12:41-00:13:12 delivery economics; 00:13:57-00:14:13 Charlie Sheen setup; 00:15:17-00:15:24 rainy-decade reserves,"Name Dave Ramsey, Jimmy John Liautaud, and Charlie Sheen where confirmed. Attribute portfolio, company, sale, and income claims to speakers or host. Do not convert Ramsey's anti-debt position into universal financial advice or Sheen's recovery into a guaranteed arc.",evidence-mapped-needs-finance-review,2026-08-25
22,Asking Billionaire Women How They Got RICH!,2Q2JgVDvHV0,mapped,Part III: Own the Machine,Control Without Dilution,"Part I belief, rejection, freedom, and fulfillment; Part II product redesign and changing distribution; Part IV allocation, reinvestment, alternatives, and liability shells; Part V founder control and purpose","A Beverly Hills property operator separates assets into LLCs. A beauty founder describes immigrant beginnings, full ownership, cash-flow discipline, low personal draw, repeated reinvestment, and later distribution through Instagram. An Atlanta finance-to-tech founder gives an 80/10/10 allocation heuristic and says money needs a job. Sara Blakely then recounts $5,000 of self-funding, twenty-one years without investors, rejection, product placement, early secrecy, and solving a neglected problem in a declining category.","Asset-level liability separation; ownership retained through self-funding and reinvestment; cash flow and operating earnings before display; distribution as a late multiplier; marketable securities, liquidity, and alternatives assigned distinct roles; long alternative holding periods; founder control; private iteration before premature social defense; redesigning an old category around an unresolved customer pain.","LLCs do not eliminate liability and depend on jurisdiction, conduct, capitalization, and formalities. The 80/10/10 allocation is a speaker heuristic, not personal advice. Cash has an option and safety role despite inflation drag. Full founder ownership preserves control while concentrating risk and limiting outside resources. Intuition complements rather than universally replaces data. Secrecy can protect fragile ideas and delay customer learning.",Why place assets in separate legal shells? How can a founder scale without dilution? Where should already-created wealth sit? Why not keep it all in cash? When should an idea remain private and when should customers see it? How can a declining category still contain a valuable unsolved problem?,"00:04:22-00:04:32 one LLC per property and protective veil; 00:06:52-00:06:54 beauty founder's full ownership; 00:08:11-00:08:22 reinvestment; 00:13:27-00:13:36 80/10/10 allocation; 00:13:56-00:13:58 money needs a job; 00:15:36-00:16:05 Sara Blakely setup; 00:17:13-00:17:15 $5,000 start; 00:17:33-00:17:34 twenty-one years self-funded","Use the verified spelling Sara Blakely, not the transcript's Sarah. Verify the beauty founder and Atlanta allocator before naming them. Attribute allocation, valuation, ownership, and tax claims. Treat legal structures as examples requiring professional advice.",evidence-mapped-needs-identity-and-legal-review,2026-08-25
23,Asking Millionaires How They Got RICH! (Chicago),nOL-StM6QnU,mapped,Part II: Make Something Valuable,From Awareness to Trust to Transaction,"Part I rich versus wealthy and association; Part III employment as paid training, ownership, margins, and recurring revenue; Part IV refinance cycles, credit legibility, and household cash flow; Part V inheritance, regret, and time","A Chicago bath-and-body entrepreneur links an education-poor start and a reported $11M year to discoverability, liking, trust, large problem surfaces, and profits recycled through real estate and refinancing. A later operator defines wealth by multigenerational horizon, treats employment as industry training before ownership, exposes a $225K-income household still losing $30K, and links an insurance exit to an 83% reported margin. Other voices add payments residuals, inheritance cautions, time, faith, and association.",Awareness to familiarity to trust to sale; compensation linked to problem scale and distribution; business cash flow recycled into property and back through refinance; debt as liquidity with risk; credit history as institutional legibility; employment as paid industry observation; ownership after identifying inefficiency; lifestyle inflation arithmetic; margin and recurring revenue as saleability drivers; social association shaping opportunity.,"Knowing and liking do not guarantee ethical trust or product value. Refinance proceeds are debt, not free income, and tax treatment is situational. Cash prudence can leave a borrower without conventional credit history, but deliberate borrowing solely for a score can add needless cost. EBITDA is not simply cash or profit. Reported 83% margin and industry comparisons need verification. Inherited wealth can enable or distort; outcomes vary.",What turns visibility into a trusted transaction? Do larger problems create larger rewards? Why can a cash-rich person appear invisible to lenders? How should employment become paid preparation for ownership? How can a high-income household still move backward? What makes recurring revenue and margin valuable to a buyer?,"00:03:24-00:03:27 reported $11M year; 00:03:41-00:03:52 awareness, liking, trust, and business; 00:05:33-00:05:37 refinance loop; 00:08:48-00:08:50 rich-versus-wealthy question; 00:10:58-00:11:04 $225K income and $30K loss; 00:11:29-00:11:31 reported 83% margin; 00:13:18-00:13:20 residual-income motive; credit-history and employment-training sections require final timestamp refinement","Keep interviewees generic until video verification. Attribute all revenue, tax, refinance, margin, and household figures. Preserve the marketing chain as one entrepreneur's practical model rather than a universal psychological law.",evidence-mapped-needs-identity-and-anchor-verification,2026-08-25
24,Asking Billionaires How They Got RICH! (Florida),zN087p7dHN0,mapped,"Part IV: Capital, Risk, and Time","Urgent Work, Patient Ownership","Part I no-secret paths, exposure, association, and self-competition; Part II product and distribution; Part III self-management, assembled intelligence, and teams; Part V stewardship, loved ones, and the journey","Todd Nepola distinguishes a home from productive property and describes small multifamily or commercial acquisition, self-management, improvement, refinancing, and long holds. John Morgan rejects a reproducible billionaire secret, calls the journey the reward, treats money as stewardship, hires intelligence, leaves the desk for opportunity, and warns about association. Mike Repole recounts consumer-brand stair-step growth, reported multibillion-dollar exits, survival years, repeated nonterminal failure, product focus, and competition with oneself.",Productive versus consumptive assets; partial-equity control of property; self-management and leasing; stabilization and refinance recycling; holding across decades rather than market timing; financial literacy; assembled intelligence; deliberate opportunity exposure; trustworthy teams; product-led consumer growth; revenue staircases; surviving early years; learning from repeated boundary contact.,"A home can provide consumption value, stability, forced saving, and appreciation even when it is not optimized for cash flow. Always-buy and long-hold claims remain speaker positions. Refinance increases debt and rate risk. Networking creates exposure but not entitlement. Consumer-brand transaction totals are internally inconsistent. Product and distribution are complements. The first-five-years rule is experience, not a universal duration. Stewardship and family time limit pure scale seeking.","Is a home an investment or a chosen form of consumption? How can a modest equity stake control productive property? If markets cannot be timed, what horizon makes ownership defensible? Do billionaires share a reproducible secret? How can intelligence be assembled? What makes early years survival years rather than proof of failure?",00:02:26-00:02:28 refinance and repeat; 00:03:04-00:03:06 Todd Nepola identification in imperfect ASR; 00:07:04-00:07:08 John Morgan setup; 00:08:04-00:08:06 journey as reward; 00:09:53-00:09:56 hire scientists; 00:13:55-00:14:00 reported BodyArmor sale and inconsistent combined total; 00:16:09-00:16:31 revenue staircase; 00:16:41-00:16:43 survival years,"Use verified spellings Todd Nepola, John Morgan, and Mike Repole after video confirmation. Attribute deal values, property terms, education claims, and hold rules. Keep the host's workshop promotion out of the evidentiary argument.",evidence-mapped-needs-deal-and-identity-verification,2026-08-25
25,I Investigated the $1 Trillion Industry Nobody Talks About,7i0D5OMZzw0,mapped,Part III: Own the Machine,"Own the Machine, the Rights, or the Risk","Part I loss, access gates, consistency, and social pressure; Part II industrial marketing and problem solving; Part IV distressed assets, day rates, concentration, and royalties; Part V safety and responsibility","At a live Texas rig, Brent Franklin traces a path from Navy service and roughneck labor to distressed rig acquisition, repair, drilling services, and investor structures. The interview separates rig from well, walks through continuous operations and control-room telemetry, gives day-rate and replacement-cost claims, then maps accredited access, upstream/midstream/downstream, surface and mineral ownership, landmen, royalties, net revenue interest, working interest, natural gas, and new power demand.","Buying industrial equipment below replacement cost; inheriting or earning service contracts; day-rate cash flow; operational telemetry and safety; service machine versus producing asset; legal and financial access gates; diversification across wells or operators; mineral-right leasing; royalty versus cost-bearing working interest; value positions across an industrial chain; old-industry demand renewed by LNG, power, data centers, and computation; sector-specific marketing.","Oil and gas can create and destroy fortunes. Day rates are revenue before labor, downtime, repair, insurance, financing, and overhead. Accredited-investor terminology is unstable in the transcript and legally sensitive. Royalties, NRI, and working interest vary by lease and jurisdiction. Reported tax writeoffs and rapid returns are not guarantees. Natural gas claims require environmental and lifecycle context. Safety and externalities belong beside profit.","Why can an old industrial sector generate new fortunes? What is the difference between a rig and a well? How does the operator know what happens underground? Who is legally allowed into a deal? Who owns the surface, minerals, royalty, revenue, and operating obligation? Why does owning a right differ from owning the machine?","00:00:21-00:01:38 Brent Franklin identification and origin; 00:02:05-00:02:11 reported $40M company year; 00:08:25-00:08:29 reported $15,500 day rate; 00:09:29-00:09:31 $100K starting benchmark; 00:11:19-00:11:22 reported $6.5M replacement cost; 00:12:40-00:13:06 upstream and ownership; 00:13:36-00:14:00 royalty and working interest; 00:17:05-00:17:29 natural-gas thesis","Name Brent Franklin. Attribute all revenue, asset, return, tax, safety, and demand claims to him or the host. Do not present investment access, tax effects, or rights splits as legal advice; final prose needs a precise but readable distinction between ownership and obligation.",evidence-mapped-needs-legal-technical-review,2026-08-25
26,I Asked Tom Cruise How He Made $600 Million,vMcZyzTNoIc,mapped,Part II: Make Something Valuable,A Brand Is a Promise Kept,"Part I fear, knowledge, and craft; Part III entity choice and distribution; Part IV cash as pivot and negotiation optionality; Part V competence in service of others","Daniel Lubetzky describes Kind as a value promise with an explicit boundary, built one shelf at a time through thrift and consistency, then compares pass-through and retained-growth entity structures. Thomas Healy recounts a highly valued electric-truck company, large capital raising, near-sector collapse, a pivot toward power for AI and industry, and walk-away negotiation. Tom Cruise reframes visible danger as applicable knowledge, training, equipment, collaboration, and service.","Brand value statement plus exclusion; promise consistency; door-by-door distribution; capital retained for growth; entity structure matched to profit and liquidity timing; pivot before desperation; cash as strategic option; credible outside alternatives in negotiation; reducing fear by identifying unknowns; goal, knowledge list, training, tools, collaboration, and execution.","Product quality and distribution are complements despite speakers weighting them differently. Entity tax effects depend on jurisdiction, ownership, reinvestment, and exit plans. Company valuation and capital raised are not founder liquidity. Strategic pivots can preserve capital or consume it. Walk-away leverage requires a real alternative. Cruise's risk tolerance rests on extensive craft preparation and should not become a dare to imitate dangerous acts.",What promise does a brand make and what does it refuse to be? How does one shelf become national distribution? Which entity serves current profit versus retained growth? How does cash preserve the right to pivot? What makes a walk-away position credible? How can applicable knowledge reduce fear?,00:03:28-00:03:31 brand as promise kept; 00:05:39-00:05:49 LLC pass-through discussion; 00:07:50-00:07:54 Thomas Healy transition; 00:11:05-00:11:08 reported $750M raise; 00:11:19-00:11:21 willingness to walk away; 00:12:20-00:13:10 Tom Cruise transition and craft; 00:15:32-00:15:36 fear as unknown; final service passage requires chapter-level timestamp refinement,"Name Daniel Lubetzky, Thomas Healy, and Tom Cruise after video confirmation. Attribute all sales, valuations, capital, and corporate-structure claims. Keep entity comparisons educational, not tax advice, and keep Cruise's competence model separate from celebrity net-worth framing.",evidence-mapped-needs-entity-and-deal-review,2026-08-25
27,Asking Billionaires How They Got RICH! (Boston),lXitjVjEhEs,mapped,Part III: Own the Machine,Keep Control of What Matters,"Part I courage, failure, social capital, and partner choice; Part II product, authentic selling, and one customer a day; Part IV simple indexing, reinvestment, and category discipline; Part V character and meaningful ambition","Boston places Jaylen Brown's athlete income beside Whoop's company valuation, hedge-fund assets under management, and Samuel Adams founder ownership. The Whoop founder describes a problem-led company near missed payroll, product failure, and an elite-use signal before scale. Brown adds adversity, non-desperation, social capital, mental health, and faith. A hedge-fund operator recommends simple broad indexing and character in partnership. Jim Koch describes product conviction, daily selling, contract brewing, equity-paid talent, long reinvestment, and retained voting control after going public.",Problem before founder title; courage under liquidity pressure; scarce-user validation; product differentiation against a distributed copy; converting high income into broader capital; negotiating without desperation; household simplicity and diversification; authentic product belief in sales; one new customer daily; omitting nonessential fixed assets; equity as compensation; reinvestment; voting control separated from economics.,"Salary, company valuation, personal wealth, assets under management, and ownership-value change are different categories. Celebrity adoption can validate and distort. Broad indexing is simple, not riskless. Concentrated founder control protects mission and can weaken accountability. Marketing, distribution, product, and sales are disputed complements across the corpus. Partner choice affects finances and life but should not be reduced to transaction logic. Mental-health testimony needs humane treatment.",What keeps a company alive when payroll and product both fail? Can distribution defeat a product people actually prefer? How should high earned income become durable capital? Why would an institutional investor recommend a simple index? Is one customer a day enough to create momentum? How can a public founder retain control? What ambition remains when money is not the primary aim?,00:00:14-00:00:15 Jaylen Brown teaser; 00:01:38-00:01:49 Whoop and reported $3.6B valuation; 00:03:15-00:03:18 near-missed payroll and product failure; 00:03:41-00:03:43 LeBron James signal; 00:06:19-00:07:05 Brown interview; 00:11:01-00:11:05 reported $40B AUM; 00:11:37-00:11:38 Vanguard; 00:15:31-00:16:05 Samuel Adams origin; 00:17:20-00:17:22 one customer daily; 00:19:09-00:19:14 voting control,"Use verified spellings Jaylen Brown, Will Ahmed, and Jim Koch; the transcript renders some names incorrectly. Verify the hedge-fund speaker before naming. Attribute compensation, valuation, AUM, and company-value claims with category labels.",evidence-mapped-needs-identity-and-money-category-review,2026-08-25
28,I Was the 199th Pick... Now I'm Worth $300M (Tom Brady),cTs9SgRk4SI,mapped,Part I: What Money Is For,Prepare for the Pressure Before It Arrives,"Part II converting limited opportunity; Part III mentors and maintenance systems; Part V resilience, fatherhood, integrity, and transmission","Tom Brady describes unequal opportunity allocation, Greg Harden's instruction to use the few chances actually received, years of obscurity, institutional doubt, trial and failure, and confidence earned through survived difficulty. He treats longevity as disciplined maintenance, rehearses game pressure during practice, recalls continuing from a worsening Super Bowl deficit, rejects comparison as his governing standard, and closes on his father's belief, presence, integrity, and the life taught to children.","Converting available opportunities rather than resenting others' allocation; invisible apprenticeship; confidence built from trial, failure, and survival; challenge beyond comfort; mentor-guided physical maintenance; pressure inoculation through realistic rehearsal; continuing action as conditions worsen; internal standards; character transmitted by repeated conduct.","The title's draft position and net-worth number are not stated in the transcript body and should not support book claims without separate verification. Elite sport contains selection, health, institutional, and team advantages that do not generalize cleanly. Rehearsal improves readiness without guaranteeing outcomes. More effort does not linearly produce more wins. Resilience should not justify preventable harm or conceal when rest and withdrawal are wise.",What should we do when other people receive more opportunities? How is confidence manufactured before recognition? Can pressure be practiced? What keeps action possible when the state becomes numerically worse? How does one maintain excellence after first success? Which lesson does a parent teach without speaking?,"00:02:40-00:03:32 doubt, failure, and outlasting; 00:04:17-00:04:20 three opportunities; 00:06:50-00:07:03 pressure and practice as game; 00:07:18-00:07:27 fourth-down and Super Bowl rehearsal; 00:07:35-00:08:20 Super Bowl 51 and resilience; 00:09:18-00:09:46 father as hero and rock; 00:10:16-00:10:20 integrity and resilience",Name Tom Brady and Greg Harden where the transcript supports them. Treat sports records and title claims as host framing unless independently verified. Preserve the family close without converting it into a wealth formula.,evidence-mapped-title-claims-excluded,2026-08-25
29,"How I Turned $50,000 Into $20 Billion",n5EmUiLNVjg,mapped,Part III: Own the Machine,"Narrow the Product, Deepen the Machine","Part I rejection, competition, service, and progress; Part II craveability and focus; Part IV startup capital, leverage, shock, margin, and volume; Part V control and service after wealth","Todd Graves traces Raising Cane's from rejected local financing and dangerous Alaska work to roughly $50K of founder equity plus a $50K SBA-backed loan, one focused product, scenario-based lender forecasts, more than 900 locations, and reported 91–92% ownership. He recounts overleverage before Hurricane Katrina closed many stores, later favors equity-funded growth, keeps the menu narrow, explains thin restaurant margins and volume, welcomes competition, and frames scale as greater capacity to serve.",Labor used to self-fund; public loan infrastructure; equity-plus-debt startup stack; low/medium/high underwriting scenarios; craveable repeat-demand product; strategic focus and menu constraint; founder control; leverage fragility under operational shock; shift toward more equity; thin-margin volume economics; competition as sharpening force; iterative progress over perfection.,"The title's $20B language is a reported scale marker and should not be equated with personal liquid wealth. A narrow menu concentrates product risk while simplifying quality and operations. Debt enabled the start and later threatened resilience, so the lesson is not simply debt bad. The 5–10% margin is an interview heuristic, not audited disclosure. Dangerous labor should not be romanticized as a required entrepreneurial rite.",What can a founder do after banks refuse? How do scenario numbers create lender confidence? When does focus become strength rather than concentration risk? How much ownership can remain after large scale? What does a shock reveal about debt? Why does a thin-margin restaurant require enormous volume? What should scale ultimately serve?,00:01:47-00:01:51 reported 900-plus locations; 00:02:28-00:02:31 Todd Graves identification; 00:03:31-00:04:34 rejection and Alaska work; 00:04:37-00:05:07 SBA route and two $50K capital components; 00:08:10-00:08:27 overleverage and later restraint; 00:09:07-00:09:21 focus; 00:09:34-00:09:38 reported 91–92% ownership; 00:15:34-00:15:50 margin and volume,"Name Todd Graves and Raising Cane's. Attribute location, ownership, valuation, and margin claims. Separate startup debt that enabled entry from later overleverage that reduced resilience.",evidence-mapped-needs-scale-verification,2026-08-25
30,I Asked Adin Ross How He Made $100 Million,iRgdOE8Fags,mapped,Part II: Make Something Valuable,An Audience Is Valuable Only When It Returns,"Part I inherited access, belief, and concentrated practice; Part II sales closure and creator distribution; Part III platform equity and audience ownership; Part IV defensive cash, take-profit discipline, and negotiation; Part V self-worth and community","Two Miami operators precede Adin Ross: one teaches closing without talking past the sale, listening, and repeated asks; another acknowledges inherited circles while discussing defensive cash and long-held property. Ross then connects business betrayal to self-worth and walk-away leverage, distinguishes loyal audience from raw followers, decomposes creator revenue, explains short clips as funnels into long streams, reports 18 June streams and $623K, favors platform equity over quick cash, and advises concentrated practice plus taking some gains.","Stop once the buyer has agreed; listen more than speaking; qualified sales attempts as a statistical process; inherited versus built access; cash as option under uncertainty; self-worth protecting reservation price; credible walk-away leverage; attention converted through loyal repeat audience; clips as acquisition; subscriptions, donations, platform revenue, brand deals, and equity; ownership over one-off cash; realized gains and dry powder; one-year concentrated learning.","Audience intimacy can create community and parasocial risk. Creator income is volatile, platform-dependent, and transcript-reported. The dashboard is not frame-verified. Equity can dominate cash or become worthless. Walk-away posture without real alternatives is bluff. Crypto take-profit ratios are personal heuristics, not investment guidance. Inherited networks and public audience scale are unequal but distinct routes to access. Taking action does not remove legal, ethical, or downside review.",Why can talking after agreement destroy a sale? How do listening and repeated attempts work together? What is the difference between reach and a loyal audience? How does a short clip become revenue? When should a creator choose equity over cash? Why does self-worth affect negotiation? When is taking profit wiser than waiting for maximum upside?,00:01:53-00:01:54 do not talk past the sale; 00:02:23-00:02:26 two ears and one mouth; 00:03:34-00:04:02 ask for the buy; 00:10:47-00:11:31 self-worth and walk-away leverage; 00:12:01-00:12:17 reported $30M year; 00:14:13-00:14:14 1.5x or 2x take-profit heuristic; 00:17:08-00:17:25 equity and control; 00:17:38-00:18:06 clipping and 10–30-second funnel; 00:18:39-00:19:00 viewer heuristics and 18-stream/$623K claim,"Use the verified name Adin Ross; the transcript varies. Keep the Miami speakers generic pending video review. Attribute platform payouts, dashboard amounts, asset allocations, crypto views, and revenue. Do not present creator economics as stable platform policy.",evidence-mapped-needs-platform-and-identity-review,2026-08-25
31,Asking the RICHEST People in the World How They Got RICH!,gBBlX7v0910,mapped,Part III: Own the Machine,The Durable Money Sits in the Rights,"Part I asking for help, recovery, adversity, and civic leadership; Part II packaging, customer memory, and creative attention; Part IV catalogs, recoupment, zero debt, and retained capital; Part V lifetime horizons and public service","Russ explains catalog income through ownership of more than 500 masters, recoupment, delayed label checks, and reinvestment in songs. Don Vultaggio links Arizona's 99-cent price to owned factories, equipment, packaging as retail media, retained capital, and no interest cost. Michael Rubin recounts rebuilding, studying voids, recruiting help, iterating after failure, relationships under stress, and thinking in lifetimes. Eric Adams closes with dyslexia, public scrutiny, adversity, and tiny executable recovery steps.","Creative rights rather than labor alone; catalog diversification; recoupment before artist distributions; reinvesting in known productive output; capital structure shaping customer price; vertical ownership and efficiency; packaging as acquisition surface; customer memory; study, void identification, speed, people, and iteration; relationships as shock absorbers; asking for help; lifetime horizon; minimum viable recovery action.","Music income depends on contract terms, platform economics, audience taste, and recoupment accounting. Catalog breadth does not guarantee demand. Zero debt and owned capacity support price control while concentrating industrial risk. Packaging can inform or manipulate. Rubin's revenue and valuation figures must remain categorized and attributed. Public leadership claims are political testimony. Adversity can prepare and also harm; recovery is not a moral test or guaranteed staircase.",Why can owning a catalog matter more than one hit? What does recoupment mean for an artist's cash? Can capital structure determine retail price? When does packaging become the advertising channel? Which relationships survive hard times? How does a founder rebuild from zero? What is the smallest useful action during collapse?,00:03:18-00:03:28 Russ and reported $25M year; 00:04:03-00:05:22 500-plus masters and recoupment; 00:06:25-00:06:31 $9.99 upload anecdote; 00:11:02-00:13:32 99-cent price logic; 00:12:02-00:12:04 reported $400M factory investment; 00:19:05-00:20:23 Michael Rubin setup and failure; 00:24:02-00:24:04 lifetime horizon; 00:25:23-00:31:02 Eric Adams and recovery sequence,"Name Russ, Don Vultaggio, Michael Rubin, and Eric Adams where confirmed. Attribute catalog, factory, company, city, and income claims. Explain recoupment without pretending all label contracts share one schedule.",evidence-mapped-needs-contract-and-identity-review,2026-08-25
32,Asking Wealthy Americans How They Got Rich!,TllMBc9YvKk,mapped,"Part IV: Capital, Risk, and Time",Capital Preserves the Right to Choose,"Part I pressure, comparative advantage, and a North Star; Part II hooks, word of mouth, and category language; Part III boring-business acquisition and investor trust; Part V post-exit purpose","Anne Mahlum's reported $90M equity realization frames a Miami comparison. One operator turns early pressure into fast action and personal-brand hook economics. A tanning-chain owner describes recurring revenue, a retiring-owner acquisition wave, and seller financing. A developer explains investor trust and industrial demand. Mahlum returns to recount category creation, language that makes a product retellable, four years without paid marketing, a 100-studio North Star, and post-exit public assets, borrowing, and private redeployment.",Personal proceeds separated from enterprise value; action generating information; first-three-second attention hooks; respect and polarization affecting pricing power; recurring subscription revenue; owner-financed acquisition; trust assembling capital; word-of-mouth caused by a product experience worth retelling; fixed North Star filtering distractions; public-asset preservation; borrowing against assets rather than selling; return hurdle for redeployment.,"Polarization can create reach and reputational harm. Seller financing solves succession and adds leverage, diligence, and integration risk. AI labor claims are incomplete. Company valuation does not guarantee liquidity. Borrowing against appreciated securities creates margin, rate, and forced-sale risk; a spread between borrowing cost and target return is expected, not guaranteed. Concentrated public bets conflict with preservation. The transcript's $90B misrepeat must be rejected in favor of $90M.",How do action and perfectionism affect opportunity? What makes a hook earn attention without betraying trust? Why are retiring owners willing to finance buyers? How can investor belief become real capital? What makes a new category easy to retell? How does a North Star filter tempting offers? When is borrowing against assets rational rather than fragile?,"00:00:20-00:00:29 reported $90M equity and $300M-plus company value; 00:03:47-00:03:59 first-three-second hook; 00:05:39-00:05:42 tanning-chain count; 00:13:19-00:15:41 Anne Mahlum, category, and North Star; 00:19:20-00:19:57 reported credit line, 5% borrowing, and double-digit target; 00:23:43-00:23:46 comparative-advantage heuristic","Use the verified spelling Anne Mahlum. Keep early Miami operators generic until video verification. Attribute company, allocation, borrowing, and performance figures. Do not present securities-backed borrowing or private lending as general advice.",evidence-mapped-needs-finance-and-identity-review,2026-08-25
33,I Asked Robert Herjavec How He Made $500 Million,9QTBl0R_cs8,mapped,Part II: Make Something Valuable,Create the Trend or Follow It,"Part I health, regret, recovery, and change; Part II buyer-specific selling and differentiation; Part III people, process, profitability, and leadership; Part IV exit value and liquidity horizons; Part V character under loss","Beverly Hills cases precede Robert Herjavec. Body by Jake connects entrepreneurial risk, health, regret, fire loss, and character. An education investor screens businesses through people, processes, and profitability, doubles down during 2020, and speaks last. A direct-response operator treats competition as demand evidence but difference as survival. Herjavec separates an $18M income year from a reported $500M peak including exit value, contrasts following with creating a trend, recounts insider betrayal and recovery, favors long real-estate holds, and begins selling by identifying the buyer's need.",Health as productive capacity; regret as opportunity cost; rejection as movement; three-part business diagnosis; leadership through listening before direction; crisis investment; competition validating demand; meaningful differentiation; income separated from ownership realization; category creation; action as required state change; shortening misery after betrayal; liquidity horizon; buyer-specific discovery before pitch.,"The people/process/profitability screen is a heuristic, not due diligence. Competition can signal demand and saturation. Crisis investment can exploit opportunity and transfer risk to vulnerable stakeholders. Real-estate ten-year claims are speaker conviction, not guarantee; liquidity may force sale. Creating a trend can create wealth and fail expensively. Misery duration deserves compassion, not blame. AI and net-worth claims remain attributed.","What are we made of after visible assets disappear? Which business weakness is people, process, or profitability? When does competition validate a market? How does creating a trend differ from following one? Why must income and exit value be separated? How long should a setback govern the next action? Who exactly is the buyer and what does that buyer need?","00:02:06-00:02:08 Body by Jake; 00:06:04-00:06:07 people, processes, profitability; 00:06:59-00:07:01 speak last; 00:11:50-00:12:25 Robert Herjavec setup; 00:12:47-00:12:51 follow versus create a trend; 00:13:38-00:13:47 reported $500M peak and $18M income; 00:15:25-00:15:30 ten-year property horizon; later buyer-specific sales passage requires timestamp refinement","Name Robert Herjavec and Body by Jake where confirmed. Verify other operators before naming. Attribute deal, income, property, crisis, and AI claims. Preserve the distinctions among realized gain, annual income, and net worth.",evidence-mapped-needs-anchor-and-identity-review,2026-08-25
34,"Asking A Billionaire Lawyer How To Make $1,000,000!",EF6-Ed2H2cE,mapped,Part III: Own the Machine,Turn Professional Skill into a Scalable Practice,"Part I pain, luck, reputation, and reciprocity; Part II listening, brand, and national availability; Part III delegation, profit sharing, and execution capacity; Part IV contingent upside, no debt, reserves, and conservative allocation; Part V service and purpose","John Morgan turns personal injury law from hourly professional labor into a national contingent-fee machine rooted in his brother's injury. He delegates to trusted profit-sharing partners, defines the send-delete test, listens before negotiation, protects reputation, removes destructive people, admits service mistakes, and expands brick by brick. The firm claims 50-state, 24/7 access, large advertising, trial capacity, $5B in settlements and verdicts, $2B in fees, no debt, and allocation across indexes, tax-free bonds, Treasuries, and understood real assets.",Outcome participation rather than capped hourly billing; trusted partners sharing upside; delegating and deleting from active attention; listening as information advantage; reputation memory; cultural removal when trust fails; insurance and honest correction after errors; adjacent geographic expansion; acquisition and delivery as separate machines; trial capability supporting brand promise; cash and no debt as shock buffer; understandable long-term allocation.,"Contingent fees increase access and can select or incentivize cases differently. Profit sharing needs governance and fair labor treatment. Removing negative people can protect culture or suppress dissent. Advertising scale does not prove service quality. Settlements, verdicts, fees, and personal wealth are separate categories. No debt improves resilience and carries opportunity cost. Bond yields and tax effects change. Morgan's anti-crypto and Black Swan views are personal positions.",How can professional labor gain scalable upside? What does a manager need before truly deleting a task? Why does listening improve negotiation? How should a large service machine absorb mistakes? What is the difference between catching demand and delivering the service? Why might a profitable firm retain cash and refuse debt? Which investments belong inside the circle of understanding?,"00:00:09-00:01:13 John Morgan and scale framing; 00:06:24-00:06:34 keep your word; 00:10:11-00:10:17 50 states, 24/7, two-minute client claim; 00:10:55-00:11:01 $2B fees and no debt; 00:13:03-00:13:16 crypto outside understanding; 00:13:27-00:13:32 index funds and tax-free bonds; 00:14:24-00:14:30 no-debt doctrine; 00:15:09-00:15:25 $5B settlements and execution capacity","Name John Morgan. Attribute all firm, advertising, result, fee, response-time, and investment claims. Clarify that case outcomes and fee structures vary and avoid turning legal-service marketing into endorsement.",evidence-mapped-needs-legal-and-scale-review,2026-08-25
35,Asking Millionaire Homeowners How They Got Rich,7Yx6-8nMbkc,mapped,Part III: Own the Machine,Design the Counterparty's Incentive,"Part I access, luck, mentors, identity, and recovery; Part II retail simplicity, hyperlocal saturation, and truthful selling; Part III delegation and operational memory; Part IV bootstrap, allocation conflict, and creative property finance; Part V money, time, happiness, and mental health","In Boca Raton, an e-cigarette founder describes a $10K start, store sampling, retailer guarantees, simple choice architecture, 100,000 points of distribution, and explicit retailer margin before a reported $100M year. A tech founder builds from a grandmother's $10K loan without later capital and credits timing, demand, people, and luck. Later speakers debate aggressive allocation, delegate need-based insurance sales at large claimed scale, and trace property entry from $50K to $5K to $3K and a creatively financed $72M deal before a painful account of a $250M loss, suicidal crisis, identity, and gradual help-seeking.",Retailer-side gross profit; guarantee reducing counterparty risk; sampling; guided low-friction product choice; regional saturation; bootstrap capital and no later raise; old media displaced by better targeting; emotion restrained in negotiation; near-peer mentors; delegation of teachable work; operational memory after exit; qualified leads and truthful diagnosis; reputation and credit enabling creative financing; one-percent recovery steps and trusted disclosure.,"The e-cigarette case involves addictive, harmful products; commercial mechanics do not validate health, trademark, or marketing claims, especially youth exposure. Large sale and revenue numbers are unstable and must remain attributed. Portfolio percentages conflict. Cold outreach can work outside the speaker's model. Creative finance shifts rather than removes risk. Business should not become identity. Suicidal crisis requires a humane, non-instrumental account and professional-help framing, not a wealth lesson.","Why should a retailer care enough to carry a new product? How does simple choice reduce purchase friction? What roles do timing, luck, and people play beside innovation? What work can be delegated without losing the machine's memory? How do qualified leads and truth interact in sales? What allows a low-cash property sequence? What remains when business identity collapses?","00:04:47-00:06:02 reported $100M year and 100,000 distribution points; 00:06:54-00:06:58 $9.99 retail and $5.95 store cost; 00:07:53-00:10:31 two $10K bootstrap cases; 00:16:14-00:16:16 reported 95% equities; 00:17:26-00:17:30 reported $850M year; 00:25:09-00:25:12 $72M property deal; 00:25:30-00:25:42 reported $250M loss; 00:27:13-00:27:16 one-percent recovery steps","Keep uncertain speakers generic pending video review. Attribute every sale, revenue, allocation, health, and financing claim. Explicitly reject unsupported health claims about e-cigarettes and handle the mental-health close with crisis-aware editorial care.",evidence-mapped-needs-health-identity-and-finance-review,2026-08-25
36,I Asked Will Smith How He Made $350 Million,9iWLPlPFdBY,inventory-only,,,,,,,,markdown/lazyearn/school-of-hard-knocks/hard-knocks-interviews/036 - I Asked Will Smith How He Made $350 Million [9iWLPlPFdBY].md,,pending,
37,Asking Politicians How They Actually Got Rich!,eEg5ZjFxMmU,inventory-only,,,,,,,,markdown/lazyearn/school-of-hard-knocks/hard-knocks-interviews/037 - Asking Politicians How They Actually Got Rich! [eEg5ZjFxMmU].md,,pending,
38,Asking Beverly Hills Billionaires How They Got So RICH!,uUwf3HM_bBg,inventory-only,,,,,,,,markdown/lazyearn/school-of-hard-knocks/hard-knocks-interviews/038 - Asking Beverly Hills Billionaires How They Got So RICH! [uUwf3HM_bBg].md,,pending,
39,I Had $78... Now I’m Worth $100 Million,4fOaAGCuuJU,inventory-only,,,,,,,,markdown/lazyearn/school-of-hard-knocks/hard-knocks-interviews/039 - I Had $78... Now I’m Worth $100 Million [4fOaAGCuuJU].md,,pending,
40,Meet the Billionaire Who Created LinkedIn (Then Sold It for $26B),q8u9vs2xjg4,inventory-only,,,,,,,,markdown/lazyearn/school-of-hard-knocks/hard-knocks-interviews/040 - Meet the Billionaire Who Created LinkedIn (Then Sold It for $26B) [q8u9vs2xjg4].md,,pending,
41,Asking Palm Beach Billionaires How They Got So RICH!,gotxAQD0YkE,inventory-only,,,,,,,,markdown/lazyearn/school-of-hard-knocks/hard-knocks-interviews/041 - Asking Palm Beach Billionaires How They Got So RICH! [gotxAQD0YkE].md,,pending,
42,How I Turned –$20 Million Into $3.3 Billion,9YldQVM4u-I,inventory-only,,,,,,,,markdown/lazyearn/school-of-hard-knocks/hard-knocks-interviews/042 - How I Turned –$20 Million Into $3.3 Billion [9YldQVM4u-I].md,,pending,
43,Asking Texan Billionaires How They Got Rich!,uMXIsDecZ3s,inventory-only,,,,,,,,markdown/lazyearn/school-of-hard-knocks/hard-knocks-interviews/043 - Asking Texan Billionaires How They Got Rich! [uMXIsDecZ3s].md,,pending,
44,He Made $500 Million Playing Real Life Monopoly,DwrRvp_qsRk,inventory-only,,,,,,,,markdown/lazyearn/school-of-hard-knocks/hard-knocks-interviews/044 - He Made $500 Million Playing Real Life Monopoly [DwrRvp_qsRk].md,,pending,
45,I Asked Miami’s Millionaire Elite How They Got Rich,8wU_31Wamcw,inventory-only,,,,,,,,markdown/lazyearn/school-of-hard-knocks/hard-knocks-interviews/045 - I Asked Miami’s Millionaire Elite How They Got Rich [8wU_31Wamcw].md,,pending,
46,I Was Broke.. Found God.. Now I Make $15M⧸Year,GCXhTFKVHkg,inventory-only,,,,,,,,markdown/lazyearn/school-of-hard-knocks/hard-knocks-interviews/046 - I Was Broke.. Found God.. Now I Make $15M⧸Year [GCXhTFKVHkg].md,,pending,
47,Asking Wall Street Millionaires How To Make $1 Million,bfIJxp9ckKU,inventory-only,,,,,,,,markdown/lazyearn/school-of-hard-knocks/hard-knocks-interviews/047 - Asking Wall Street Millionaires How To Make $1 Million [bfIJxp9ckKU].md,,pending,
48,"She Turned $1,000 Into a $66M Empire at 76 Years Old!",nswPe9PAgjo,inventory-only,,,,,,,,"markdown/lazyearn/school-of-hard-knocks/hard-knocks-interviews/048 - She Turned $1,000 Into a $66M Empire at 76 Years Old! [nswPe9PAgjo].md",,pending,
49,Asking Bugatti Owners How They Got RICH!,_sAyC_CLqzg,inventory-only,,,,,,,,markdown/lazyearn/school-of-hard-knocks/hard-knocks-interviews/049 - Asking Bugatti Owners How They Got RICH! [_sAyC_CLqzg].md,,pending,
50,Asking Dubai Supercar Owners How They Got RICH!,gZ0RTpQZf8A,inventory-only,,,,,,,,markdown/lazyearn/school-of-hard-knocks/hard-knocks-interviews/050 - Asking Dubai Supercar Owners How They Got RICH! [gZ0RTpQZf8A].md,,pending,
51,Asking Women Billionaires How They Got Rich!,5E-lydM23gU,inventory-only,,,,,,,,markdown/lazyearn/school-of-hard-knocks/hard-knocks-interviews/051 - Asking Women Billionaires How They Got Rich! [5E-lydM23gU].md,,pending,
52,Asking Dubai Moguls How They Got Rich!,vUumRjZX0n8,inventory-only,,,,,,,,markdown/lazyearn/school-of-hard-knocks/hard-knocks-interviews/052 - Asking Dubai Moguls How They Got Rich! [vUumRjZX0n8].md,,pending,
53,I Was on Food Stamps... Now I Make $100M⧸Year,QJP9OXmI5_4,inventory-only,,,,,,,,markdown/lazyearn/school-of-hard-knocks/hard-knocks-interviews/053 - I Was on Food Stamps... Now I Make $100M⧸Year [QJP9OXmI5_4].md,,pending,
54,Asking Dubai Billionaires How They Got RICH!,Latp0XujNXk,inventory-only,,,,,,,,markdown/lazyearn/school-of-hard-knocks/hard-knocks-interviews/054 - Asking Dubai Billionaires How They Got RICH! [Latp0XujNXk].md,,pending,
55,Meet The Kid Who Interviews Billionaires For a Living,bPPc2coTClU,inventory-only,,,,,,,,markdown/lazyearn/school-of-hard-knocks/hard-knocks-interviews/055 - Meet The Kid Who Interviews Billionaires For a Living [bPPc2coTClU].md,,pending,
56,He Made $7M⧸Year And Paid Zero Taxes!,22CjsRG0sTc,inventory-only,,,,,,,,markdown/lazyearn/school-of-hard-knocks/hard-knocks-interviews/056 - He Made $7M⧸Year And Paid Zero Taxes! [22CjsRG0sTc].md,,pending,
57,Young Entrepreneur Interviews SHAQ,0I0EPRu3DJ0,inventory-only,,,,,,,,markdown/lazyearn/school-of-hard-knocks/hard-knocks-interviews/057 - Young Entrepreneur Interviews SHAQ [0I0EPRu3DJ0].md,,pending,
58,Asking Billionaires How They Got Rich! (Beverly Hills),qQIKf7YQBbA,inventory-only,,,,,,,,markdown/lazyearn/school-of-hard-knocks/hard-knocks-interviews/058 - Asking Billionaires How They Got Rich! (Beverly Hills) [qQIKf7YQBbA].md,,pending,
59,Young Entrepreneur Interviews Patrick Bet-David,ZX_BJKKyDXo,inventory-only,,,,,,,,markdown/lazyearn/school-of-hard-knocks/hard-knocks-interviews/059 - Young Entrepreneur Interviews Patrick Bet-David [ZX_BJKKyDXo].md,,pending,
60,Asking Billionaires How They Got Rich! (New York),JKkwS6FT7wY,inventory-only,,,,,,,,markdown/lazyearn/school-of-hard-knocks/hard-knocks-interviews/060 - Asking Billionaires How They Got Rich! (New York) [JKkwS6FT7wY].md,,pending,
61,Asking Millionaires Who They're Voting For President,JMIE80d0Aoo,inventory-only,,,,,,,,markdown/lazyearn/school-of-hard-knocks/hard-knocks-interviews/061 - Asking Millionaires Who They're Voting For President [JMIE80d0Aoo].md,,pending,
62,Asking San Francisco Millionaires How They Got Rich!,G_GZbtj0uP8,inventory-only,,,,,,,,markdown/lazyearn/school-of-hard-knocks/hard-knocks-interviews/062 - Asking San Francisco Millionaires How They Got Rich! [G_GZbtj0uP8].md,,pending,
63,Asking Houston Moguls How They Got Rich!,HEgFl6N2u4M,inventory-only,,,,,,,,markdown/lazyearn/school-of-hard-knocks/hard-knocks-interviews/063 - Asking Houston Moguls How They Got Rich! [HEgFl6N2u4M].md,,pending,
64,Asking Wealthy Americans How They Got Rich! (Florida),oDJEZ-n9TCM,inventory-only,,,,,,,,markdown/lazyearn/school-of-hard-knocks/hard-knocks-interviews/064 - Asking Wealthy Americans How They Got Rich! (Florida) [oDJEZ-n9TCM].md,,pending,
65,Asking Las Vegas Millionaires How They Got Rich!,D0utmFm1l0o,inventory-only,,,,,,,,markdown/lazyearn/school-of-hard-knocks/hard-knocks-interviews/065 - Asking Las Vegas Millionaires How They Got Rich! [D0utmFm1l0o].md,,pending,
66,Asking Miami Moguls How They Got Rich!,PWVoNu4ytEA,inventory-only,,,,,,,,markdown/lazyearn/school-of-hard-knocks/hard-knocks-interviews/066 - Asking Miami Moguls How They Got Rich! [PWVoNu4ytEA].md,,pending,
67,Asking Billionaires How They Got Rich! (Houston),IUIG4YG0T-Q,inventory-only,,,,,,,,markdown/lazyearn/school-of-hard-knocks/hard-knocks-interviews/067 - Asking Billionaires How They Got Rich! (Houston) [IUIG4YG0T-Q].md,,pending,
68,I Had to Beg Borrow & Steal.. Now I Make $300 Million,d4Yuq3iP5eI,inventory-only,,,,,,,,markdown/lazyearn/school-of-hard-knocks/hard-knocks-interviews/068 - I Had to Beg Borrow & Steal.. Now I Make $300 Million [d4Yuq3iP5eI].md,,pending,
69,Asking Wealthy Americans How They Got Rich! (Scottsdale),O5R1z_gPCSo,inventory-only,,,,,,,,markdown/lazyearn/school-of-hard-knocks/hard-knocks-interviews/069 - Asking Wealthy Americans How They Got Rich! (Scottsdale) [O5R1z_gPCSo].md,,pending,
70,I Asked Wall Street Millionaires How They Got RICH!,OtWKuR2hU68,inventory-only,,,,,,,,markdown/lazyearn/school-of-hard-knocks/hard-knocks-interviews/070 - I Asked Wall Street Millionaires How They Got RICH! [OtWKuR2hU68].md,,pending,
71,Asking Millionaires How They Got RICH! (Dallas),JsEUa3mMGe0,inventory-only,,,,,,,,markdown/lazyearn/school-of-hard-knocks/hard-knocks-interviews/071 - Asking Millionaires How They Got RICH! (Dallas) [JsEUa3mMGe0].md,,pending,
72,I Was Bankrupt… Now I’ve Made $3 Billion,9aBfrKtWJc8,inventory-only,,,,,,,,markdown/lazyearn/school-of-hard-knocks/hard-knocks-interviews/072 - I Was Bankrupt… Now I’ve Made $3 Billion [9aBfrKtWJc8].md,,pending,
73,Asking Billionaires How They Got RICH!,PN9Z4QH8X2w,inventory-only,,,,,,,,markdown/lazyearn/school-of-hard-knocks/hard-knocks-interviews/073 - Asking Billionaires How They Got RICH! [PN9Z4QH8X2w].md,,pending,
74,Young Entrepreneur Interviews Millionaire Justin Waller,6lmwLam3f4k,inventory-only,,,,,,,,markdown/lazyearn/school-of-hard-knocks/hard-knocks-interviews/074 - Young Entrepreneur Interviews Millionaire Justin Waller [6lmwLam3f4k].md,,pending,
75,Asking Salt Lake City Millionaires How They Got RICH!,90A-xjDipk4,inventory-only,,,,,,,,markdown/lazyearn/school-of-hard-knocks/hard-knocks-interviews/075 - Asking Salt Lake City Millionaires How They Got RICH! [90A-xjDipk4].md,,pending,
76,Asking Scottsdale Millionaires How They Got Rich,sExOe8q1QBc,inventory-only,,,,,,,,markdown/lazyearn/school-of-hard-knocks/hard-knocks-interviews/076 - Asking Scottsdale Millionaires How They Got Rich [sExOe8q1QBc].md,,pending,
77,Asking Supercar Owners How They Got RICH! (Florida),n7FLA5IZkWA,inventory-only,,,,,,,,markdown/lazyearn/school-of-hard-knocks/hard-knocks-interviews/077 - Asking Supercar Owners How They Got RICH! (Florida) [n7FLA5IZkWA].md,,pending,
78,Asking Millionaire Golfers How They Got RICH!,9FZ7chhIfUM,inventory-only,,,,,,,,markdown/lazyearn/school-of-hard-knocks/hard-knocks-interviews/078 - Asking Millionaire Golfers How They Got RICH! [9FZ7chhIfUM].md,,pending,
79,Asking Atlanta Millionaires How They Got RICH!,2tRPK9s4p5k,inventory-only,,,,,,,,markdown/lazyearn/school-of-hard-knocks/hard-knocks-interviews/079 - Asking Atlanta Millionaires How They Got RICH! [2tRPK9s4p5k].md,,pending,
80,Asking Millionaires How They Got RICH! (New York City),PFvRtVvP-Bo,inventory-only,,,,,,,,markdown/lazyearn/school-of-hard-knocks/hard-knocks-interviews/080 - Asking Millionaires How They Got RICH! (New York City) [PFvRtVvP-Bo].md,,pending,
81,Asking Supercar Owners How They Got RICH! (Las Vegas),n3_QuKa208w,inventory-only,,,,,,,,markdown/lazyearn/school-of-hard-knocks/hard-knocks-interviews/081 - Asking Supercar Owners How They Got RICH! (Las Vegas) [n3_QuKa208w].md,,pending,
82,I Asked Californian Millionaires How Much Money They LOST,6WweLDK6oiY,inventory-only,,,,,,,,markdown/lazyearn/school-of-hard-knocks/hard-knocks-interviews/082 - I Asked Californian Millionaires How Much Money They LOST [6WweLDK6oiY].md,,pending,
83,I Asked Miami Millionaires How They Got Rich,ZFkKWGnm1PA,inventory-only,,,,,,,,markdown/lazyearn/school-of-hard-knocks/hard-knocks-interviews/083 - I Asked Miami Millionaires How They Got Rich [ZFkKWGnm1PA].md,,pending,
84,Asking Luxury Shoppers How They Got RICH! (Dallas),ts5-LCzCUuE,inventory-only,,,,,,,,markdown/lazyearn/school-of-hard-knocks/hard-knocks-interviews/084 - Asking Luxury Shoppers How They Got RICH! (Dallas) [ts5-LCzCUuE].md,,pending,
85,Asking Yacht Owners How They Got RICH!,hRFCQAIa0gA,inventory-only,,,,,,,,markdown/lazyearn/school-of-hard-knocks/hard-knocks-interviews/085 - Asking Yacht Owners How They Got RICH! [hRFCQAIa0gA].md,,pending,
87,Asking Holiday Shoppers How They Got RICH!,eSkosEaDnDw,inventory-only,,,,,,,,markdown/lazyearn/school-of-hard-knocks/hard-knocks-interviews/087 - Asking Holiday Shoppers How They Got RICH! [eSkosEaDnDw].md,,pending,
88,Asking Texas Millionaires How They Got RICH!,exeXKslPiDI,inventory-only,,,,,,,,markdown/lazyearn/school-of-hard-knocks/hard-knocks-interviews/088 - Asking Texas Millionaires How They Got RICH! [exeXKslPiDI].md,,pending,
89,Asking Miami Millionaires How to Get RICH!,BaxpJArMn9Y,inventory-only,,,,,,,,markdown/lazyearn/school-of-hard-knocks/hard-knocks-interviews/089 - Asking Miami Millionaires How to Get RICH! [BaxpJArMn9Y].md,,pending,
90,How He Built A $200 Million⧸Year Security Company,prPvzJwgHqg,inventory-only,,,,,,,,markdown/lazyearn/school-of-hard-knocks/hard-knocks-interviews/090 - How He Built A $200 Million⧸Year Security Company [prPvzJwgHqg].md,,pending,
91,Asking Millionaires How They Got RICH! (Scottsdale),nReWQdfRSC8,inventory-only,,,,,,,,markdown/lazyearn/school-of-hard-knocks/hard-knocks-interviews/091 - Asking Millionaires How They Got RICH! (Scottsdale) [nReWQdfRSC8].md,,pending,
92,Asking Calabasas Millionaires How They Got RICH!,kJ7HiO27n1g,inventory-only,,,,,,,,markdown/lazyearn/school-of-hard-knocks/hard-knocks-interviews/092 - Asking Calabasas Millionaires How They Got RICH! [kJ7HiO27n1g].md,,pending,
93,Asking Millionaire Homeowners How They Got Rich,_5yi6XW4Av8,inventory-only,,,,,,,,markdown/lazyearn/school-of-hard-knocks/hard-knocks-interviews/093 - Asking Millionaire Homeowners How They Got Rich [_5yi6XW4Av8].md,,pending,
94,Asking Orlando Millionaire’s How They Got RICH!,YU_58awAISY,inventory-only,,,,,,,,markdown/lazyearn/school-of-hard-knocks/hard-knocks-interviews/094 - Asking Orlando Millionaire’s How They Got RICH! [YU_58awAISY].md,,pending,
95,Asking Beverly Hills Millionaires How They Got RICH!,xe3GmH-mBQI,inventory-only,,,,,,,,markdown/lazyearn/school-of-hard-knocks/hard-knocks-interviews/095 - Asking Beverly Hills Millionaires How They Got RICH! [xe3GmH-mBQI].md,,pending,
96,Asking A 27 Year Old How to Make $300 Million,V6I3R5Z-YZI,inventory-only,,,,,,,,markdown/lazyearn/school-of-hard-knocks/hard-knocks-interviews/096 - Asking A 27 Year Old How to Make $300 Million [V6I3R5Z-YZI].md,,pending,
97,Asking Supercar Owners How They Got RICH!,G2kqG3kDdGo,inventory-only,,,,,,,,markdown/lazyearn/school-of-hard-knocks/hard-knocks-interviews/097 - Asking Supercar Owners How They Got RICH! [G2kqG3kDdGo].md,,pending,
98,Asking Millionaires How They Got RICH! (Austin),pBjoezYFA0Y,inventory-only,,,,,,,,markdown/lazyearn/school-of-hard-knocks/hard-knocks-interviews/098 - Asking Millionaires How They Got RICH! (Austin) [pBjoezYFA0Y].md,,pending,
99,Meet The Most Interesting Man On The Planet,3K43YBxUp0I,inventory-only,,,,,,,,markdown/lazyearn/school-of-hard-knocks/hard-knocks-interviews/099 - Meet The Most Interesting Man On The Planet [3K43YBxUp0I].md,,pending,
100,Asking Luxury Shoppers How They Got RICH! (Miami),ZHFNlM0xG4U,inventory-only,,,,,,,,markdown/lazyearn/school-of-hard-knocks/hard-knocks-interviews/100 - Asking Luxury Shoppers How They Got RICH! (Miami) [ZHFNlM0xG4U].md,,pending,
101,Asking Millionaires How They Got RICH! (Miami),BP548td2dds,inventory-only,,,,,,,,markdown/lazyearn/school-of-hard-knocks/hard-knocks-interviews/101 - Asking Millionaires How They Got RICH! (Miami) [BP548td2dds].md,,pending,
102,Young Entrepreneur Interviews Billionaire Grant Cardone,yOSsd1Tpno4,inventory-only,,,,,,,,markdown/lazyearn/school-of-hard-knocks/hard-knocks-interviews/102 - Young Entrepreneur Interviews Billionaire Grant Cardone [yOSsd1Tpno4].md,,pending,
103,Asking Millionaires How They Got RICH! (Dallas),jJxwJhdKb1s,inventory-only,,,,,,,,markdown/lazyearn/school-of-hard-knocks/hard-knocks-interviews/103 - Asking Millionaires How They Got RICH! (Dallas) [jJxwJhdKb1s].md,,pending,
104,From $0 To $12M A Year At 26Years Old. Here’s How,7Cxfg0N_MUw,inventory-only,,,,,,,,markdown/lazyearn/school-of-hard-knocks/hard-knocks-interviews/104 - From $0 To $12M A Year At 26Years Old. Here’s How [7Cxfg0N_MUw].md,,pending,
105,Asking Millionaire Homeowners How They Got Rich,H1Dt1Pz-B4g,inventory-only,,,,,,,,markdown/lazyearn/school-of-hard-knocks/hard-knocks-interviews/105 - Asking Millionaire Homeowners How They Got Rich [H1Dt1Pz-B4g].md,,pending,
106,Asking Millionaires How They Got RICH! (Houston),FLgy1LvYTDI,inventory-only,,,,,,,,markdown/lazyearn/school-of-hard-knocks/hard-knocks-interviews/106 - Asking Millionaires How They Got RICH! (Houston) [FLgy1LvYTDI].md,,pending,
107,6 Questions With A Public CEO,bmQRL82f-5I,inventory-only,,,,,,,,markdown/lazyearn/school-of-hard-knocks/hard-knocks-interviews/107 - 6 Questions With A Public CEO [bmQRL82f-5I].md,,pending,
108,The Single Skill That Built His $100M Year Business,oRqUthcMi6I,inventory-only,,,,,,,,markdown/lazyearn/school-of-hard-knocks/hard-knocks-interviews/108 - The Single Skill That Built His $100M Year Business [oRqUthcMi6I].md,,pending,
109,Asking Miami Luxury Shoppers How They Got Rich,efJj9j2NRJg,inventory-only,,,,,,,,markdown/lazyearn/school-of-hard-knocks/hard-knocks-interviews/109 - Asking Miami Luxury Shoppers How They Got Rich [efJj9j2NRJg].md,,pending,
110,He Turned $100k Into $25M,lAOliWexJgo,inventory-only,,,,,,,,markdown/lazyearn/school-of-hard-knocks/hard-knocks-interviews/110 - He Turned $100k Into $25M [lAOliWexJgo].md,,pending,
111,Asking Miami Millionaires How They Got Rich,O_FWBldliEo,inventory-only,,,,,,,,markdown/lazyearn/school-of-hard-knocks/hard-knocks-interviews/111 - Asking Miami Millionaires How They Got Rich [O_FWBldliEo].md,,pending,
112,Asking Orlando Millionaires How They Got Rich,C2lgZOIPp8c,inventory-only,,,,,,,,markdown/lazyearn/school-of-hard-knocks/hard-knocks-interviews/112 - Asking Orlando Millionaires How They Got Rich [C2lgZOIPp8c].md,,pending,
113,"Asking Strangers How Much MONEY They Make (Austin, Texas)",1m7ERHu13sc,inventory-only,,,,,,,,"markdown/lazyearn/school-of-hard-knocks/hard-knocks-interviews/113 - Asking Strangers How Much MONEY They Make (Austin, Texas) [1m7ERHu13sc].md",,pending,
114,Asking A Tech Millionaire How To Start & Scale a Tech Company,3G79t-mcgJ8,inventory-only,,,,,,,,markdown/lazyearn/school-of-hard-knocks/hard-knocks-interviews/114 - Asking A Tech Millionaire How To Start & Scale a Tech Company [3G79t-mcgJ8].md,,pending,
115,Asking Denver Millionaires How Much Money They Make,w1bpdHouHpI,inventory-only,,,,,,,,markdown/lazyearn/school-of-hard-knocks/hard-knocks-interviews/115 - Asking Denver Millionaires How Much Money They Make [w1bpdHouHpI].md,,pending,
117,Asking Millionaires How They Got RICH! (Houston),Kq4nx8DLrpY,inventory-only,,,,,,,,markdown/lazyearn/school-of-hard-knocks/hard-knocks-interviews/117 - Asking Millionaires How They Got RICH! (Houston) [Kq4nx8DLrpY].md,,pending,
118,Entrepreneurs Guide To Start and Scale ANY Business,MtvcqGNGev8,inventory-only,,,,,,,,markdown/lazyearn/school-of-hard-knocks/hard-knocks-interviews/118 - Entrepreneurs Guide To Start and Scale ANY Business [MtvcqGNGev8].md,,pending,
119,How to Make $2 Million in Commercial Real Estate,3aG9DVb6vBs,inventory-only,,,,,,,,markdown/lazyearn/school-of-hard-knocks/hard-knocks-interviews/119 - How to Make $2 Million in Commercial Real Estate [3aG9DVb6vBs].md,,pending,
120,Asking Entrepreneurs How They Got RICH! (San Antonio),Iw7huxwfHRM,inventory-only,,,,,,,,markdown/lazyearn/school-of-hard-knocks/hard-knocks-interviews/120 - Asking Entrepreneurs How They Got RICH! (San Antonio) [Iw7huxwfHRM].md,,pending,
121,Asking Golf Course Millionaires How They Got Rich,RGt99we0cGA,inventory-only,,,,,,,,markdown/lazyearn/school-of-hard-knocks/hard-knocks-interviews/121 - Asking Golf Course Millionaires How They Got Rich [RGt99we0cGA].md,,pending,
122,HOW TO GET EVERYTHING YOU WANT IN LIFE Ft. Josh Terry,_wo0ox2mSjc,inventory-only,,,,,,,,markdown/lazyearn/school-of-hard-knocks/hard-knocks-interviews/122 - HOW TO GET EVERYTHING YOU WANT IN LIFE Ft. Josh Terry [_wo0ox2mSjc].md,,pending,
123,Asking a Private Equity Millionaire How He Got Rich,uf0Or7n8_bU,inventory-only,,,,,,,,markdown/lazyearn/school-of-hard-knocks/hard-knocks-interviews/123 - Asking a Private Equity Millionaire How He Got Rich [uf0Or7n8_bU].md,,pending,
124,"Asking Millionaires How To Make $1,000,000!",O_pe_5L769E,inventory-only,,,,,,,,"markdown/lazyearn/school-of-hard-knocks/hard-knocks-interviews/124 - Asking Millionaires How To Make $1,000,000! [O_pe_5L769E].md",,pending,
125,Entrepreneurs interesting perspective to building wealth,RI8aZSK1Nr4,inventory-only,,,,,,,,markdown/lazyearn/school-of-hard-knocks/hard-knocks-interviews/125 - Entrepreneurs interesting perspective to building wealth [RI8aZSK1Nr4].md,,pending,
126,Fashion Entrepreneurs Wise Life Advice,Kl2_ddXq0QU,inventory-only,,,,,,,,markdown/lazyearn/school-of-hard-knocks/hard-knocks-interviews/126 - Fashion Entrepreneurs Wise Life Advice [Kl2_ddXq0QU].md,,pending,
127,Serial Entrepreneurs Advice For Overcoming Obstacles in Business,94KT6kW4qQ0,inventory-only,,,,,,,,markdown/lazyearn/school-of-hard-knocks/hard-knocks-interviews/127 - Serial Entrepreneurs Advice For Overcoming Obstacles in Business [94KT6kW4qQ0].md,,pending,
128,Commercial Real Estate Brokers Advice To Young People,bFnlLPuGoIM,inventory-only,,,,,,,,markdown/lazyearn/school-of-hard-knocks/hard-knocks-interviews/128 - Commercial Real Estate Brokers Advice To Young People [bFnlLPuGoIM].md,,pending,
129,How Can Someone Break Into The Tech Industry？,fEX1Oy51iJs,inventory-only,,,,,,,,markdown/lazyearn/school-of-hard-knocks/hard-knocks-interviews/129 - How Can Someone Break Into The Tech Industry？ [fEX1Oy51iJs].md,,pending,
130,He Made $1 Billion. Does Money Buy Happiness？,48TQYZOgE1s,inventory-only,,,,,,,,markdown/lazyearn/school-of-hard-knocks/hard-knocks-interviews/130 - He Made $1 Billion. Does Money Buy Happiness？ [48TQYZOgE1s].md,,pending,
131,From Summit to Success： Entrepreneur's Billion-Dollar Lesson from 'Into Thin Air,8GgL-uvICKY,inventory-only,,,,,,,,markdown/lazyearn/school-of-hard-knocks/hard-knocks-interviews/131 - From Summit to Success： Entrepreneur's Billion-Dollar Lesson from 'Into Thin Air [8GgL-uvICKY].md,,pending,
132,"How I Turned $1,000 Into $1 Billion",MQv7Te8VmYI,inventory-only,,,,,,,,"markdown/lazyearn/school-of-hard-knocks/hard-knocks-interviews/132 - How I Turned $1,000 Into $1 Billion [MQv7Te8VmYI].md",,pending,
133,Life After Selling Your Company For $1 Billion,BT6YGOROV6c,inventory-only,,,,,,,,markdown/lazyearn/school-of-hard-knocks/hard-knocks-interviews/133 - Life After Selling Your Company For $1 Billion [BT6YGOROV6c].md,,pending,
134,10 Questions with a Millionaire： Founder & E-commerce Entrepreneur Robert Miller,TpVlJpiV6U8,inventory-only,,,,,,,,markdown/lazyearn/school-of-hard-knocks/hard-knocks-interviews/134 - 10 Questions with a Millionaire： Founder & E-commerce Entrepreneur Robert Miller [TpVlJpiV6U8].md,,pending,
135,Asking Texan’s Their Best Life Advice (DALLAS!),8M5QEOicQKQ,inventory-only,,,,,,,,markdown/lazyearn/school-of-hard-knocks/hard-knocks-interviews/135 - Asking Texan’s Their Best Life Advice (DALLAS!) [8M5QEOicQKQ].md,,pending,
136,I Asked Texan Millionaires Their Best Financial Decision,Q0cgOMI5gn0,inventory-only,,,,,,,,markdown/lazyearn/school-of-hard-knocks/hard-knocks-interviews/136 - I Asked Texan Millionaires Their Best Financial Decision [Q0cgOMI5gn0].md,,pending,
137,Why You Need To Learn Sales Before You Start A Company,LdMyHHbDdaM,inventory-only,,,,,,,,markdown/lazyearn/school-of-hard-knocks/hard-knocks-interviews/137 - Why You Need To Learn Sales Before You Start A Company [LdMyHHbDdaM].md,,pending,
138,10 Questions with a Real Estate Millionaire： Tips for Building Wealth and Success,cttsP_8MjEo,inventory-only,,,,,,,,markdown/lazyearn/school-of-hard-knocks/hard-knocks-interviews/138 - 10 Questions with a Real Estate Millionaire： Tips for Building Wealth and Success [cttsP_8MjEo].md,,pending,
139,Asking Millionaires What They Are Investing in,67T9EMIvOlA,inventory-only,,,,,,,,markdown/lazyearn/school-of-hard-knocks/hard-knocks-interviews/139 - Asking Millionaires What They Are Investing in [67T9EMIvOlA].md,,pending,
140,These Millionaires Gave Us Life Changing Advice...,jR6g__ogNkc,inventory-only,,,,,,,,markdown/lazyearn/school-of-hard-knocks/hard-knocks-interviews/140 - These Millionaires Gave Us Life Changing Advice... [jR6g__ogNkc].md,,pending,
