source_key,repository,collection,source_type,source_rel,bytes,words,sha256,inventory_status
ZhJpBook:books/a-brief-history-of-time/markdown/en.md,ZhJpBook,a-brief-history-of-time,book-markdown,books/a-brief-history-of-time/markdown/en.md,373754,64694,658fc0bb29e9484e887dc2dee9e0143fd3f87cd60c26b77b18684f1d8258bd51,catalogued-not-substantively-read
ZhJpBook:books/a-briefer-history-of-time/markdown/en.md,ZhJpBook,a-briefer-history-of-time,book-markdown,books/a-briefer-history-of-time/markdown/en.md,230820,40013,e2f13351fc8929149d61db8d09d02ea1e7dbd6c4076031d84e615d52c45d8625,catalogued-not-substantively-read
ZhJpBook:books/a-chameleon-chekhov/markdown/en.md,ZhJpBook,a-chameleon-chekhov,book-markdown,books/a-chameleon-chekhov/markdown/en.md,7372,1321,577d3238ca612f3479844120fce6accc51d2c59c969cff6ab74d6d4a07e5079c,catalogued-not-substantively-read
ZhJpBook:books/a-city-on-mars/markdown/en.md,ZhJpBook,a-city-on-mars,book-markdown,books/a-city-on-mars/markdown/en.md,610223,103346,7200784e26d803bff125fb65c98e09d0d8db65b91c49089c74f0acb594d76152,catalogued-not-substantively-read
ZhJpBook:books/a-clash-of-kings/markdown/en.md,ZhJpBook,a-clash-of-kings,book-markdown,books/a-clash-of-kings/markdown/en.md,1819077,332200,02acf39deb737d730aed3468722d0701655461d774e65cfc72a86c18eb2a5e12,catalogued-not-substantively-read
ZhJpBook:books/a-clash-of-kings/markdown/zh.md,ZhJpBook,a-clash-of-kings,book-markdown,books/a-clash-of-kings/markdown/zh.md,1716873,62957,19c5d4f5b11b75abf41032e36b752ba7c1e04f9df9b88c73f30d7bfe9955c4ab,catalogued-not-substantively-read
ZhJpBook:books/a-dance-with-dragons/markdown/en.md,ZhJpBook,a-dance-with-dragons,book-markdown,books/a-dance-with-dragons/markdown/en.md,2364460,431256,8aad7e8b82da7ea3d7b0c411405e5799e1ef92a6047acdc1c9ee2e074241dfd7,catalogued-not-substantively-read
ZhJpBook:books/a-dance-with-dragons/markdown/zh.md,ZhJpBook,a-dance-with-dragons,book-markdown,books/a-dance-with-dragons/markdown/zh.md,748744,25528,834add23215b67d4f56f55440acab52e8c9dc0822ddfabc99904316e4bdee19e,catalogued-not-substantively-read
ZhJpBook:books/a-feast-for-crows/markdown/en.md,ZhJpBook,a-feast-for-crows,book-markdown,books/a-feast-for-crows/markdown/en.md,1705119,310675,3849cfafc5eb5659fac20371c3cad0301547f54e8682d9273a4a77effac68576,catalogued-not-substantively-read
ZhJpBook:books/a-feast-for-crows/markdown/zh.md,ZhJpBook,a-feast-for-crows,book-markdown,books/a-feast-for-crows/markdown/zh.md,1608625,59400,29da345be4dc3632fac2f86fb5ad16c1259b26dfb270e28fbdd8c70ea2f3585a,catalogued-not-substantively-read
ZhJpBook:books/a-game-of-thrones/markdown/en.md,ZhJpBook,a-game-of-thrones,book-markdown,books/a-game-of-thrones/markdown/en.md,1638945,299381,25a268ff24ffd37a100c98209bd533ca5128fb13abdc3377b50e782184a46c45,catalogued-not-substantively-read
ZhJpBook:books/a-game-of-thrones/markdown/zh.md,ZhJpBook,a-game-of-thrones,book-markdown,books/a-game-of-thrones/markdown/zh.md,1613357,56184,2901aa71d83f691997490aef22e8ce50f6a7b3f9a1d8bda483d6a0fbf2ade061,catalogued-not-substantively-read
ZhJpBook:books/a-storm-of-swords/markdown/en.md,ZhJpBook,a-storm-of-swords,book-markdown,books/a-storm-of-swords/markdown/en.md,2347706,430273,91567922f293021902f330e8a04d57107d80c639ca6513d178ee3f0cd07af587,catalogued-not-substantively-read
ZhJpBook:books/a-storm-of-swords/markdown/zh.md,ZhJpBook,a-storm-of-swords,book-markdown,books/a-storm-of-swords/markdown/zh.md,2174757,82816,d069dff81899aa989b95fc2caf6948a3b384c7bb18fcd8cd47c200bc9e131ed7,catalogued-not-substantively-read
ZhJpBook:books/aeneid-virgil/markdown/en.md,ZhJpBook,aeneid-virgil,book-markdown,books/aeneid-virgil/markdown/en.md,646763,116425,6ca698c58c68caeb243dbf7d27a6d17e3fd9dd03521ad56fa180382cc35df545,catalogued-not-substantively-read
ZhJpBook:books/ancient-assyria-vsi/markdown/en.md,ZhJpBook,ancient-assyria-vsi,book-markdown,books/ancient-assyria-vsi/markdown/en.md,235112,38226,af8dbf6620d78bb5c517c4de0414df494e29101a8f1ddaa15b4dbdcadc3a894b,catalogued-not-substantively-read
ZhJpBook:books/ancient-egypt-history/markdown/en.md,ZhJpBook,ancient-egypt-history,book-markdown,books/ancient-egypt-history/markdown/en.md,352103,57862,2fddbaf10f21e020b0abdcec4fde36b79d233028362ba5ef322928fb824d5fa0,catalogued-not-substantively-read
ZhJpBook:books/ancient-egypt-history-complete-structure-repair/markdown/en.md,ZhJpBook,ancient-egypt-history-complete-structure-repair,book-markdown,books/ancient-egypt-history-complete-structure-repair/markdown/en.md,1127515,184885,7d6c6212b431c650f65fcef8ee72b40ead86ee9b0e05f2c5f62f3448fc050912,catalogued-not-substantively-read
ZhJpBook:books/ancient-near-east-weavers-scribes-kings/markdown/en.md,ZhJpBook,ancient-near-east-weavers-scribes-kings,book-markdown,books/ancient-near-east-weavers-scribes-kings/markdown/en.md,1236303,214336,61f54bd8dbf31cb129e29ebcbebc7309ccb7361599f13d272e54c4d5d2710fef,catalogued-not-substantively-read
ZhJpBook:books/anna-karenina/markdown/en.md,ZhJpBook,anna-karenina,book-markdown,books/anna-karenina/markdown/en.md,2000152,356792,6a4c35af63f9349ee2a14c48022434d98c75fbb4458294cb3117e041d80802cd,catalogued-not-substantively-read
ZhJpBook:books/babylon-mesopotamia/markdown/en.md,ZhJpBook,babylon-mesopotamia,book-markdown,books/babylon-mesopotamia/markdown/en.md,329549,55010,84e1f0b51e4e95ba54014c30f5e9880e96f9e142b20c0bc2d2172233356fe95f,catalogued-not-substantively-read
ZhJpBook:books/babylon-mesopotamia-complete-structure-repair/markdown/en.md,ZhJpBook,babylon-mesopotamia-complete-structure-repair,book-markdown,books/babylon-mesopotamia-complete-structure-repair/markdown/en.md,644818,107476,f7dc4a3a888b783ef2827d15e2a06657155d60f2a485aec2712268e522f93f04,catalogued-not-substantively-read
ZhJpBook:books/bel-ami/markdown/en.md,ZhJpBook,bel-ami,book-markdown,books/bel-ami/markdown/en.md,283851,51506,be1b86e8d934fb08c4d19a42ec4a287c9901d305c402b6e18bd2de4f108f2c98,catalogued-not-substantively-read
ZhJpBook:books/berklee-music-theory-book-1/markdown/en.md,ZhJpBook,berklee-music-theory-book-1,book-markdown,books/berklee-music-theory-book-1/markdown/en.md,44690,8012,1d9a7623cead9b5117fc367ab1afdaaccfdef7fe8d59dfb1a347720d5f4e405d,catalogued-not-substantively-read
ZhJpBook:books/bhagavad-gita/markdown/en.md,ZhJpBook,bhagavad-gita,book-markdown,books/bhagavad-gita/markdown/en.md,109377,18907,ea29eae2fec191785ea9ec1669624ef1d9ff3f825becf9e95b0bba50c834b9d5,catalogued-not-substantively-read
ZhJpBook:books/bible/markdown/bible-wikisource.md,ZhJpBook,bible,book-markdown,books/bible/markdown/bible-wikisource.md,8291642,1110793,e4b7819e27f1a7fb3fe48b655eee7d931d319ce3f2b36d4eaa4e14af29b66f12,catalogued-not-substantively-read
ZhJpBook:books/black-holes-baby-universes/markdown/en.md,ZhJpBook,black-holes-baby-universes,book-markdown,books/black-holes-baby-universes/markdown/en.md,281028,49222,c446981d43ca9ac53d9c9a70bf210918a5fbe824a0348a31add8a02966488ab7,catalogued-not-substantively-read
ZhJpBook:books/border-town/markdown/en.md,ZhJpBook,border-town,book-markdown,books/border-town/markdown/en.md,219545,39695,b83aaca5b01d6738bbba4f049d4ff8a65d3f9a4a77e318bfc91af4871c5f8173,catalogued-not-substantively-read
ZhJpBook:books/botchan/markdown/en.md,ZhJpBook,botchan,book-markdown,books/botchan/markdown/en.md,288638,54851,7605a85d434f45ad8109d1e0739904cd828d40261cfda752fd1c2ed65e4f7788,catalogued-not-substantively-read
ZhJpBook:books/botchan/markdown/ja.md,ZhJpBook,botchan,book-markdown,books/botchan/markdown/ja.md,265065,5727,eabc926d792b2ac04ca25f7b54c55d29e3c3c1994aa7e81cf4a6f9da51068d38,catalogued-not-substantively-read
ZhJpBook:books/botchan/markdown/zh.md,ZhJpBook,botchan,book-markdown,books/botchan/markdown/zh.md,242035,8638,2862e86aa93624015626b0eebd4c7c4dc2d9f6c65fe3b337f32db34aa27eb670,catalogued-not-substantively-read
ZhJpBook:books/boule-de-suif/markdown/en.md,ZhJpBook,boule-de-suif,book-markdown,books/boule-de-suif/markdown/en.md,84071,14441,3da9df0ce2996217b2d77a6fbb7ba83dc8008b1df75e542e81890ed3e3cd099d,catalogued-not-substantively-read
ZhJpBook:books/brief-answers-big-questions/markdown/en.md,ZhJpBook,brief-answers-big-questions,book-markdown,books/brief-answers-big-questions/markdown/en.md,240885,42186,3453858beb6477b5372d3b46ecd20aafe82293a5ea2872ec1e697ca114aa2074,catalogued-not-substantively-read
ZhJpBook:books/brief-answers-big-questions-complete-structure-repair/markdown/en.md,ZhJpBook,brief-answers-big-questions-complete-structure-repair,book-markdown,books/brief-answers-big-questions-complete-structure-repair/markdown/en.md,248297,43552,373d5bc776e96b4ddfddb51bd47a7f23c58ee0c21c754480845b840da0a16395,catalogued-not-substantively-read
ZhJpBook:books/brothers-karamazov/markdown/en.md,ZhJpBook,brothers-karamazov,book-markdown,books/brothers-karamazov/markdown/en.md,709464,129659,32dee3883c9d591d18a5a507df2b32af885cb6055256172ba500652efc0ad641,catalogued-not-substantively-read
ZhJpBook:books/buddenbrooks/markdown/en.md,ZhJpBook,buddenbrooks,book-markdown,books/buddenbrooks/markdown/en.md,1327221,234768,cad72f8def415e05196429042c5a07350ee3b112e7125698c0900943f4870d03,catalogued-not-substantively-read
ZhJpBook:books/byron-selected-poems/markdown/en.md,ZhJpBook,byron-selected-poems,book-markdown,books/byron-selected-poems/markdown/en.md,1222911,224642,bd7cef1be8ddd11e64d069660705035db433e46921db1636db145f5c59be701e,catalogued-not-substantively-read
ZhJpBook:books/byron-selected-poems/markdown/zh.md,ZhJpBook,byron-selected-poems,book-markdown,books/byron-selected-poems/markdown/zh.md,168857,5723,f72ebbfecceb705417e8073c6b86bd7a00730d477fa081f5c2bef8f7c37a422a,catalogued-not-substantively-read
ZhJpBook:books/call-to-arms-lu-xun/markdown/en.md,ZhJpBook,call-to-arms-lu-xun,book-markdown,books/call-to-arms-lu-xun/markdown/en.md,281722,51083,5e8c8381cb275cc1b36769067bd7a2c95ab7630afb65a66586884d57ea48c5c4,catalogued-not-substantively-read
ZhJpBook:books/cao-cao-wei-wudi-ji/markdown/wenyan.md,ZhJpBook,cao-cao-wei-wudi-ji,book-markdown,books/cao-cao-wei-wudi-ji/markdown/wenyan.md,75193,4343,f58ab5d3fb5168b874762bd1fced80644636016a2d46f13ef434884c4d10ba20,catalogued-not-substantively-read
ZhJpBook:books/cao-pi-wei-wendi-ji/markdown/wenyan.md,ZhJpBook,cao-pi-wei-wendi-ji,book-markdown,books/cao-pi-wei-wendi-ji/markdown/wenyan.md,20770,1156,b1e5fd744d577fa15de36ba3cf5f9dc92d9ed8b1b6643e0d8806f0c10a2407ab,catalogued-not-substantively-read
ZhJpBook:books/cao-zhi-cao-zijian-ji/markdown/wenyan.md,ZhJpBook,cao-zhi-cao-zijian-ji,book-markdown,books/cao-zhi-cao-zijian-ji/markdown/wenyan.md,128020,7171,fcabdc80562ad00dfe356e0d147156e87425a5c3bd2efe3e8ddbee19627211f1,catalogued-not-substantively-read
ZhJpBook:books/chess-story-zweig/markdown/en.md,ZhJpBook,chess-story-zweig,book-markdown,books/chess-story-zweig/markdown/en.md,111271,19612,1e4588c94732aa0f407257237b277b26102854f5a594e6868486bf29185fa0da,catalogued-not-substantively-read
ZhJpBook:books/chronicle-lord-nobunaga/markdown/en.md,ZhJpBook,chronicle-lord-nobunaga,book-markdown,books/chronicle-lord-nobunaga/markdown/en.md,1073920,181412,274dfc39117954ad30c249c8d6c8ebf0d8eeeac52b30f1637eeab34d5072a316,catalogued-not-substantively-read
ZhJpBook:books/chuci/markdown/wenyan.md,ZhJpBook,chuci,book-markdown,books/chuci/markdown/wenyan.md,97594,4744,2dcce5e2ad14cb6c0f8f51348eb17c69eec37c02cbdd440c2f65dc38ea5c5a05,catalogued-not-substantively-read
ZhJpBook:books/chumon-no-ooi-ryoriten/markdown/ja.clean.md,ZhJpBook,chumon-no-ooi-ryoriten,book-markdown,books/chumon-no-ooi-ryoriten/markdown/ja.clean.md,201702,4912,3b6049cb234e5dcd4113dae7cfe2dc68570a936662f0d2ed565ec918be8fec73,catalogued-not-substantively-read
ZhJpBook:books/chumon-no-ooi-ryoriten/markdown/ja.md,ZhJpBook,chumon-no-ooi-ryoriten,book-markdown,books/chumon-no-ooi-ryoriten/markdown/ja.md,201702,4912,3b6049cb234e5dcd4113dae7cfe2dc68570a936662f0d2ed565ec918be8fec73,catalogued-not-substantively-read
ZhJpBook:books/chumon-no-ooi-ryoriten/markdown/ja.raw.md,ZhJpBook,chumon-no-ooi-ryoriten,book-markdown,books/chumon-no-ooi-ryoriten/markdown/ja.raw.md,431741,58395,a6e9f0e7bf64145e88fa56cc295f773e9e739528add3a5b659d7ef2266077e49,catalogued-not-substantively-read
ZhJpBook:books/chumon-no-ooi-ryoriten/markdown/zh.clean.md,ZhJpBook,chumon-no-ooi-ryoriten,book-markdown,books/chumon-no-ooi-ryoriten/markdown/zh.clean.md,268617,9659,4af8e670f2a23471a2208ffb902f2802a1d659916b73c42396295e12f0ac0036,catalogued-not-substantively-read
ZhJpBook:books/chumon-no-ooi-ryoriten/markdown/zh.md,ZhJpBook,chumon-no-ooi-ryoriten,book-markdown,books/chumon-no-ooi-ryoriten/markdown/zh.md,268617,9659,4af8e670f2a23471a2208ffb902f2802a1d659916b73c42396295e12f0ac0036,catalogued-not-substantively-read
ZhJpBook:books/chumon-no-ooi-ryoriten/markdown/zh.raw.md,ZhJpBook,chumon-no-ooi-ryoriten,book-markdown,books/chumon-no-ooi-ryoriten/markdown/zh.raw.md,287571,11150,edd22f40af3d14440b9c790a200c388b3c2fad1cdd07514cd1941b5ffc3988cb,catalogued-not-substantively-read
ZhJpBook:books/confessions-mask/markdown/ja.md,ZhJpBook,confessions-mask,book-markdown,books/confessions-mask/markdown/ja.md,432274,10147,5574a3c15fb34c19954176ff8e5ce7ddf209919bafd2ac61549ef84c669397ce,catalogued-not-substantively-read
ZhJpBook:books/conversation-cathedral/markdown/en.md,ZhJpBook,conversation-cathedral,book-markdown,books/conversation-cathedral/markdown/en.md,1314989,237609,4380200081c405c33e2047f2c9bbb701ede1998667af8e5f7c02d68af42efea7,catalogued-not-substantively-read
ZhJpBook:books/crime-and-punishment/markdown/en.md,ZhJpBook,crime-and-punishment,book-markdown,books/crime-and-punishment/markdown/en.md,1157764,208084,6b146b053ffcfd51d6a41863319d297bb9f1508f68adeb0e883adab8e061a05a,catalogued-not-substantively-read
ZhJpBook:books/daodejing/markdown/wenyan.md,ZhJpBook,daodejing,book-markdown,books/daodejing/markdown/wenyan.md,21576,1387,5b4ae8a8fe420a64c142a4c641f2844b2d59e435046c4ad68d1054816fdd0451,catalogued-not-substantively-read
ZhJpBook:books/david-copperfield/markdown/en.md,ZhJpBook,david-copperfield,book-markdown,books/david-copperfield/markdown/en.md,1970645,362202,638ee94faed40a3293045bdb52fb63ca70e7ff434dd0d01534a6f5c686c0f8e5,catalogued-not-substantively-read
ZhJpBook:books/dead-souls/markdown/en.md,ZhJpBook,dead-souls,book-markdown,books/dead-souls/markdown/en.md,820862,143500,cae1525919a2d059a77e6a8e95859206b6fbfc66fd16c2291b4dc023ace42d62,catalogued-not-substantively-read
ZhJpBook:books/death-of-ivan-ilyich/markdown/en.md,ZhJpBook,death-of-ivan-ilyich,book-markdown,books/death-of-ivan-ilyich/markdown/en.md,134338,23947,76b5890f88eacf7ae3085ae7cc1a28868d58afbff3ce558718ec357de108fc0b,catalogued-not-substantively-read
ZhJpBook:books/don-quixote/markdown/en.md,ZhJpBook,don-quixote,book-markdown,books/don-quixote/markdown/en.md,2290745,424869,374fe00f7b0d2c6e12cf7aa7b568034413175d12d1192a91e8d2a61d6db8f86f,catalogued-not-substantively-read
ZhJpBook:books/dream-red-chamber/markdown/zh.md,ZhJpBook,dream-red-chamber,book-markdown,books/dream-red-chamber/markdown/zh.md,2616122,109213,91d02b56f2acb08fbf7a984be22a9c65beb3e2f8cda8f1d906e39a67ee8592f6,catalogued-not-substantively-read
ZhJpBook:books/economics-one-lesson/markdown/en.md,ZhJpBook,economics-one-lesson,book-markdown,books/economics-one-lesson/markdown/en.md,327887,56192,8bd6f997bb6d24cf5b9a26a97213ef9a19dac7c7a28e470a12af231b3b687d17,catalogued-not-substantively-read
ZhJpBook:books/economics-one-lesson-complete-structure-repair/markdown/en.md,ZhJpBook,economics-one-lesson-complete-structure-repair,book-markdown,books/economics-one-lesson-complete-structure-repair/markdown/en.md,328401,56284,05a19156a9945680c29d90afcc819e9cae9e9f301abbc3902ec776b0eb4f53d1,catalogued-not-substantively-read
ZhJpBook:books/effective-executive-drucker/markdown/en.md,ZhJpBook,effective-executive-drucker,book-markdown,books/effective-executive-drucker/markdown/en.md,331665,55595,a720720581ec49e0c07bca6489125ae7d593e87b0e9fe1daa67699cfd93951bb,catalogued-not-substantively-read
ZhJpBook:books/elegant-universe/markdown/en.md,ZhJpBook,elegant-universe,book-markdown,books/elegant-universe/markdown/en.md,770283,125894,0222421aa031631d71fabc013ddadd0c55f8a83532091ddacfce6450d3b396a4,catalogued-not-substantively-read
ZhJpBook:books/emma/markdown/en.md,ZhJpBook,emma,book-markdown,books/emma/markdown/en.md,893510,161393,ccb8f15f2f6dda75cdb5669de394d82006bdf147712b28b408e1fc90bfaa550b,catalogued-not-substantively-read
ZhJpBook:books/english-poetry-anthology/markdown/en.md,ZhJpBook,english-poetry-anthology,book-markdown,books/english-poetry-anthology/markdown/en.md,118349,21328,f3bc02838bf30ba3b0ffdce6c4c5bdd647857bdabe105812d1d3b1405862b441,catalogued-not-substantively-read
ZhJpBook:books/english-poetry-anthology/markdown/zh.md,ZhJpBook,english-poetry-anthology,book-markdown,books/english-poetry-anthology/markdown/zh.md,126909,4453,3d97d9bbac3daddfd800731c039941e25f68c99a66382ef5eb6cb76bcafc65e7,catalogued-not-substantively-read
ZhJpBook:books/english-poetry-anthology-spark/markdown/en.md,ZhJpBook,english-poetry-anthology-spark,book-markdown,books/english-poetry-anthology-spark/markdown/en.md,118349,21328,f3bc02838bf30ba3b0ffdce6c4c5bdd647857bdabe105812d1d3b1405862b441,catalogued-not-substantively-read
ZhJpBook:books/english-poetry-anthology-spark/markdown/zh.md,ZhJpBook,english-poetry-anthology-spark,book-markdown,books/english-poetry-anthology-spark/markdown/zh.md,126909,4453,3d97d9bbac3daddfd800731c039941e25f68c99a66382ef5eb6cb76bcafc65e7,catalogued-not-substantively-read
ZhJpBook:books/eugene-onegin/markdown/en.md,ZhJpBook,eugene-onegin,book-markdown,books/eugene-onegin/markdown/en.md,230133,39417,845cd0e35ad8f53f6ebe1637ff588d4ad9983b078dd00a18858c1698e1405221,catalogued-not-substantively-read
ZhJpBook:books/fabric-of-the-cosmos/markdown/en.md,ZhJpBook,fabric-of-the-cosmos,book-markdown,books/fabric-of-the-cosmos/markdown/en.md,1159118,192967,5b73b62fb110040f2cdf3847d08a07dea8572d1d4186ef41ab4eb10fbb16a1e8,catalogued-not-substantively-read
ZhJpBook:books/father-goriot/markdown/en.md,ZhJpBook,father-goriot,book-markdown,books/father-goriot/markdown/en.md,577519,104708,be269cf6ca6603e835ed8b330f1ec144d98a6744d22f579db37938dd54ed6283,catalogued-not-substantively-read
ZhJpBook:books/fathers-and-sons/markdown/en.md,ZhJpBook,fathers-and-sons,book-markdown,books/fathers-and-sons/markdown/en.md,459741,80479,80adb435e9970d26716447a27deef493a4845c676710948956e02449b1d290cc,catalogued-not-substantively-read
ZhJpBook:books/faust/markdown/en.md,ZhJpBook,faust,book-markdown,books/faust/markdown/en.md,226249,39313,9fd6e1649b3d5f7f69c0fc1b0961de2e831d68bfbf7921ce3b695bc69d7b3e31,catalogued-not-substantively-read
ZhJpBook:books/fellowship-of-the-ring/markdown/en.md,ZhJpBook,fellowship-of-the-ring,book-markdown,books/fellowship-of-the-ring/markdown/en.md,960658,179329,f2192590f0bf63c01f10b24c6771ffa215fa36d4d4a35f9027d4e183fc3279bc,catalogued-not-substantively-read
ZhJpBook:books/fellowship-of-the-ring/markdown/zh.md,ZhJpBook,fellowship-of-the-ring,book-markdown,books/fellowship-of-the-ring/markdown/zh.md,941045,28987,82136eed322b34e2f4c2c7b3d8e40fa6a6646060e70972aa538b4233bdf4a468,catalogued-not-substantively-read
ZhJpBook:books/ficciones/markdown/en.md,ZhJpBook,ficciones,book-markdown,books/ficciones/markdown/en.md,272239,46500,685a3fa94e6275cb6b571ba4b15bf0024f617f8de959249a9c3d01733405b8fc,catalogued-not-substantively-read
ZhJpBook:books/five-dysfunctions-team/markdown/en.md,ZhJpBook,five-dysfunctions-team,book-markdown,books/five-dysfunctions-team/markdown/en.md,242235,42057,e49ccd9ca869d5fc83ebd61173b0c0ec920493a920e43fbcf7c4cbe9b5cd7a3f,catalogued-not-substantively-read
ZhJpBook:books/foguoji/markdown/wenyan.md,ZhJpBook,foguoji,book-markdown,books/foguoji/markdown/wenyan.md,51365,2675,058562fa44fedbc31fab59a5db1f14b7a2fbfd01eb4851b54dc12ca259544f2a,catalogued-not-substantively-read
ZhJpBook:books/fortress-besieged/markdown/zh.md,ZhJpBook,fortress-besieged,book-markdown,books/fortress-besieged/markdown/zh.md,714790,27891,1be03f430560e2871e92cba766444e621354823df10668983a19b269df56e095,catalogued-not-substantively-read
ZhJpBook:books/genji-modern/markdown/zh.clean.md,ZhJpBook,genji-modern,book-markdown,books/genji-modern/markdown/zh.clean.md,2499383,102195,31fed9a4682318b56bd3687aa261a681dd49e03ca0f121e1342197c4f3c9c0a0,catalogued-not-substantively-read
ZhJpBook:books/genji-modern/markdown/zh.md,ZhJpBook,genji-modern,book-markdown,books/genji-modern/markdown/zh.md,2499383,102195,31fed9a4682318b56bd3687aa261a681dd49e03ca0f121e1342197c4f3c9c0a0,catalogued-not-substantively-read
ZhJpBook:books/genji-modern/markdown/zh.raw.md,ZhJpBook,genji-modern,book-markdown,books/genji-modern/markdown/zh.raw.md,2632623,122232,4db1f2548ac6a3e7332d341b91c8039d6da74b24830bba629af576775228d720,catalogued-not-substantively-read
ZhJpBook:books/germinal/markdown/en.md,ZhJpBook,germinal,book-markdown,books/germinal/markdown/en.md,998191,178242,4a1971b1c30266a05e3de22ab4e1c47cd3b72ce64749db16eb5a08f7f52324f5,catalogued-not-substantively-read
ZhJpBook:books/gibran-the-prophet/markdown/en.md,ZhJpBook,gibran-the-prophet,book-markdown,books/gibran-the-prophet/markdown/en.md,42777,8135,9c712926d41c1ad32019fc22249c537bf38265c588f38605fd0e5390cd070e4d,catalogued-not-substantively-read
ZhJpBook:books/gibran-the-prophet/markdown/zh.md,ZhJpBook,gibran-the-prophet,book-markdown,books/gibran-the-prophet/markdown/zh.md,2996,198,f99f42bc5325fb776e73468afe6ad39e9acbbd4583ea56db9ce8353adeb291c9,catalogued-not-substantively-read
ZhJpBook:books/ginga-tetsudo/markdown/ja.clean.md,ZhJpBook,ginga-tetsudo,book-markdown,books/ginga-tetsudo/markdown/ja.clean.md,115383,2148,b845f324dcba19ba15e41e4b6130f7b7b65eedd81888771cc7a02a0c97400c04,catalogued-not-substantively-read
ZhJpBook:books/ginga-tetsudo/markdown/ja.md,ZhJpBook,ginga-tetsudo,book-markdown,books/ginga-tetsudo/markdown/ja.md,115383,2148,b845f324dcba19ba15e41e4b6130f7b7b65eedd81888771cc7a02a0c97400c04,catalogued-not-substantively-read
ZhJpBook:books/ginga-tetsudo/markdown/zh.clean.md,ZhJpBook,ginga-tetsudo,book-markdown,books/ginga-tetsudo/markdown/zh.clean.md,85053,2719,5caa0c3202742ade3de0a879c860e7b241dc9f8c6cba42aadf426869cd703d18,catalogued-not-substantively-read
ZhJpBook:books/ginga-tetsudo/markdown/zh.md,ZhJpBook,ginga-tetsudo,book-markdown,books/ginga-tetsudo/markdown/zh.md,85053,2719,5caa0c3202742ade3de0a879c860e7b241dc9f8c6cba42aadf426869cd703d18,catalogued-not-substantively-read
ZhJpBook:books/ginga-tetsudo/markdown/zh.raw.md,ZhJpBook,ginga-tetsudo,book-markdown,books/ginga-tetsudo/markdown/zh.raw.md,158971,6004,c8ecbe067f8596646b0b62f1fe901cd88ff005377469861d1d1ead6f985bd5ac,catalogued-not-substantively-read
ZhJpBook:books/giving-up-the-gun/markdown/en.md,ZhJpBook,giving-up-the-gun,book-markdown,books/giving-up-the-gun/markdown/en.md,155481,25929,9a4c827201ddf72353259486dec18cf47562c94e22f122b20f021651e97b6bcd,catalogued-not-substantively-read
ZhJpBook:books/gone-with-the-wind/markdown/en.md,ZhJpBook,gone-with-the-wind,book-markdown,books/gone-with-the-wind/markdown/en.md,2312540,419673,478b1e6374508bdd8ecba24807f4e00e63d8523ac07a1fedf841b03a6ca205c5,catalogued-not-substantively-read
ZhJpBook:books/gone-with-the-wind/markdown/ja.md,ZhJpBook,gone-with-the-wind,book-markdown,books/gone-with-the-wind/markdown/ja.md,1495834,34379,1ee84d0a197cf150ba73d5633c5b5db8e426a6658ae606418284e00e7d4ece77,catalogued-not-substantively-read
ZhJpBook:books/gone-with-the-wind/markdown/zh.md,ZhJpBook,gone-with-the-wind,book-markdown,books/gone-with-the-wind/markdown/zh.md,2360948,75282,ab1572b48c77b426f2ba968b9056f8d3fe21d2994f4538ef41ed100e4e1a9145,catalogued-not-substantively-read
ZhJpBook:books/gone-with-the-wind/markdown/zh.reference.md,ZhJpBook,gone-with-the-wind,book-markdown,books/gone-with-the-wind/markdown/zh.reference.md,2376566,74112,42394aa49486ee5647aaa3f711a27b5a1f610e6d22ea4341a0db16b5f8b35923,catalogued-not-substantively-read
ZhJpBook:books/good-strategy-bad-strategy/markdown/en.md,ZhJpBook,good-strategy-bad-strategy,book-markdown,books/good-strategy-bad-strategy/markdown/en.md,645281,105142,fde630b0524b9e392706dd11fa9868b3d9227ed65ab293cc8729fbca6338485c,catalogued-not-substantively-read
ZhJpBook:books/good-strategy-bad-strategy-complete-structure-repair/markdown/en.md,ZhJpBook,good-strategy-bad-strategy-complete-structure-repair,book-markdown,books/good-strategy-bad-strategy-complete-structure-repair/markdown/en.md,594938,97069,ad9c92fc5a246d0b70e04e8486f45d19f361587c3da1019f2a8df1b8a0dc9494,catalogued-not-substantively-read
ZhJpBook:books/good-to-great-leadership/markdown/en.md,ZhJpBook,good-to-great-leadership,book-markdown,books/good-to-great-leadership/markdown/en.md,179309,30415,830cb87fda2b3bd1e5fab0b841529693576ca2b3371e229f5ece1b756ddcb248,catalogued-not-substantively-read
ZhJpBook:books/grand-design/markdown/en.md,ZhJpBook,grand-design,book-markdown,books/grand-design/markdown/en.md,239435,40715,68665e24670bd1ada4d723e64fc65f8bc98d9cdefe037f05765895f9db9f7a3d,catalogued-not-substantively-read
ZhJpBook:books/grapes-of-wrath/markdown/en.md,ZhJpBook,grapes-of-wrath,book-markdown,books/grapes-of-wrath/markdown/en.md,954330,179647,3161ffaa7b66161886f5dcdda4b6b264e12d9066fe0ecc8c07ff94a30c45317d,catalogued-not-substantively-read
ZhJpBook:books/great-expectations/markdown/en.md,ZhJpBook,great-expectations,book-markdown,books/great-expectations/markdown/en.md,1015118,187906,1a2f7b06548482d8a5c86ad4beedc1bfe97176bb3f9d2fc3e0c3da6cbc2ff0f2,catalogued-not-substantively-read
ZhJpBook:books/great-gatsby/markdown/en.md,ZhJpBook,great-gatsby,book-markdown,books/great-gatsby/markdown/en.md,282973,50913,443057f0ece99e393b5aec233d8c187644745a53ff1bef5436210c75c3535977,catalogued-not-substantively-read
ZhJpBook:books/greek-mythology/markdown/en.md,ZhJpBook,greek-mythology,book-markdown,books/greek-mythology/markdown/en.md,1826983,327733,6b5c38921e5f407f4f69dccd4690af9f0fd3dc299e68d997d070471d7f253b1b,catalogued-not-substantively-read
ZhJpBook:books/greek-mythology/markdown/jp.md,ZhJpBook,greek-mythology,book-markdown,books/greek-mythology/markdown/jp.md,532961,11872,2bfb9b0f2feb9da1865dee427baed97bbd029873e449fa65ef90b29c54308999,catalogued-not-substantively-read
ZhJpBook:books/guiguzi/markdown/wenyan.md,ZhJpBook,guiguzi,book-markdown,books/guiguzi/markdown/wenyan.md,118384,7082,5691b2ab2cab36112bc4993ea2e8cb0794b2c83a199d591e1d47f482e3a47487,catalogued-not-substantively-read
ZhJpBook:books/gullivers-travels/markdown/en.md,ZhJpBook,gullivers-travels,book-markdown,books/gullivers-travels/markdown/en.md,591410,106617,4d0a109d7056c5cc22b325b5b3724dd6121400a3010226a0711923d0addbb06f,catalogued-not-substantively-read
ZhJpBook:books/guoyu/markdown/wenyan.md,ZhJpBook,guoyu,book-markdown,books/guoyu/markdown/wenyan.md,268000,15403,6f2da503641fad5715c2209995472f74d7da3a002348089a17857ff4e77ea844,catalogued-not-substantively-read
ZhJpBook:books/habsburgs-to-rule-the-world/markdown/en.md,ZhJpBook,habsburgs-to-rule-the-world,book-markdown,books/habsburgs-to-rule-the-world/markdown/en.md,777568,125266,021c8027c5351ca68ef1f3cb8487aea70a1201033aef66b6d15ce95d38e72731,catalogued-not-substantively-read
ZhJpBook:books/hamlet/markdown/en.md,ZhJpBook,hamlet,book-markdown,books/hamlet/markdown/en.md,177127,32616,b9d4451d3f56e30677c439a5728e3ef2446b31541e0aa8a1b5f71d308b8d59b1,catalogued-not-substantively-read
ZhJpBook:books/han-shu/markdown/wenyan.md,ZhJpBook,han-shu,book-markdown,books/han-shu/markdown/wenyan.md,2559045,139015,bde42aa5f6fb168ba91b638b760ceede15926ed74e5050d218a147b7828d441d,catalogued-not-substantively-read
ZhJpBook:books/hanfeizi/markdown/wenyan.md,ZhJpBook,hanfeizi,book-markdown,books/hanfeizi/markdown/wenyan.md,387417,19893,5d9ed951dff4a22263ff724d670a65dc3707e1f9b9c7cdf1efacab19b90e406c,catalogued-not-substantively-read
ZhJpBook:books/harry-potter-1/markdown/en.md,ZhJpBook,harry-potter-1,book-markdown,books/harry-potter-1/markdown/en.md,453242,80276,88d2c3f27591aa033e503e590a01078057fbf52aceacf60943da06394497c84c,catalogued-not-substantively-read
ZhJpBook:books/harry-potter-1/markdown/zh.md,ZhJpBook,harry-potter-1,book-markdown,books/harry-potter-1/markdown/zh.md,461664,15408,7666ccc6b887cbbd46b6815751091002b1d600da8649e56d128fa159c10a21d4,catalogued-not-substantively-read
ZhJpBook:books/harry-potter-2/markdown/en.md,ZhJpBook,harry-potter-2,book-markdown,books/harry-potter-2/markdown/en.md,510235,88432,c68562ff808ebce95e38e6425f4bc3c687c4727692d22dfab8ac69b39b522cf3,catalogued-not-substantively-read
ZhJpBook:books/harry-potter-2/markdown/zh.md,ZhJpBook,harry-potter-2,book-markdown,books/harry-potter-2/markdown/zh.md,503130,16753,8dbcfbb11fa146d1b876f04b2b8c4297e7a921f1a428dcb70d440018b0c462aa,catalogued-not-substantively-read
ZhJpBook:books/harry-potter-3/markdown/en.md,ZhJpBook,harry-potter-3,book-markdown,books/harry-potter-3/markdown/en.md,650013,111347,fbbe67e5623c71e1d32f16172959139d612e75025b47a016e5bf947dcf3ac843,catalogued-not-substantively-read
ZhJpBook:books/harry-potter-3/markdown/zh.md,ZhJpBook,harry-potter-3,book-markdown,books/harry-potter-3/markdown/zh.md,635437,21174,360340aa9e1703b27a4157e871387fa56bc7cfeef101309ff596a76309f8338c,catalogued-not-substantively-read
ZhJpBook:books/harry-potter-4/markdown/en.md,ZhJpBook,harry-potter-4,book-markdown,books/harry-potter-4/markdown/en.md,1123931,192036,9226725d7b8e0220255b08dd08d54d3968325f0917a0a5531f062c9cff79e0c6,catalogued-not-substantively-read
ZhJpBook:books/harry-potter-4/markdown/zh.md,ZhJpBook,harry-potter-4,book-markdown,books/harry-potter-4/markdown/zh.md,1100479,37084,11d8c6f5eaaefd70a4300fdce54bcbab898f213dbd99117ab5b5d84880f334f1,catalogued-not-substantively-read
ZhJpBook:books/harry-potter-5/markdown/en.md,ZhJpBook,harry-potter-5,book-markdown,books/harry-potter-5/markdown/en.md,1496985,259875,47f8bf3c678954be6d6ca9686e2b176888fe178d55ef1775069faaf999f633aa,catalogued-not-substantively-read
ZhJpBook:books/harry-potter-5/markdown/zh.md,ZhJpBook,harry-potter-5,book-markdown,books/harry-potter-5/markdown/zh.md,1459125,48075,a9047c4c10f946605a3db0e29d43741eb6f5523819a2aadd405fd44ab5143fc0,catalogued-not-substantively-read
ZhJpBook:books/harry-potter-6/markdown/en.md,ZhJpBook,harry-potter-6,book-markdown,books/harry-potter-6/markdown/en.md,1022182,175321,d86016998dd7cfd27286a14f2e00bc0fe69dfbc7ff02b0259c657d61b6b8f193,catalogued-not-substantively-read
ZhJpBook:books/harry-potter-6/markdown/zh.md,ZhJpBook,harry-potter-6,book-markdown,books/harry-potter-6/markdown/zh.md,952622,31791,6a49b5d284e4aa0dd9813f270932059973ecd491eeba25597126423cd0a4325e,catalogued-not-substantively-read
ZhJpBook:books/harry-potter-7/markdown/en.md,ZhJpBook,harry-potter-7,book-markdown,books/harry-potter-7/markdown/en.md,1169900,201494,6ffb9fe13087a534439a87a5cc61f462ab2d03a61ffd2ae11be4f3e8da0205b5,catalogued-not-substantively-read
ZhJpBook:books/harry-potter-7/markdown/zh.md,ZhJpBook,harry-potter-7,book-markdown,books/harry-potter-7/markdown/zh.md,1081009,36807,c19608215adf670aec23727ed466fa429014f0f0291eea9319a9ffd13849b3ad,catalogued-not-substantively-read
ZhJpBook:books/hidden-reality/markdown/en.md,ZhJpBook,hidden-reality,book-markdown,books/hidden-reality/markdown/en.md,763774,123512,ac9251011118d9ddc00a6f6fd40a4c830812e4741bd88303d258a1a2c5aec443,catalogued-not-substantively-read
ZhJpBook:books/hideyoshi-berry/markdown/en.archive-20260802_0632_pre_hybrid.md,ZhJpBook,hideyoshi-berry,book-markdown,books/hideyoshi-berry/markdown/en.archive-20260802_0632_pre_hybrid.md,641071,103071,fe419cf6371efa74a20cca324fbd05f5bba58b3da3f3ccf24b3783284f62ffa4,catalogued-not-substantively-read
ZhJpBook:books/hideyoshi-berry/markdown/en.archive-20260802_0638_pre_final_hybrid.md,ZhJpBook,hideyoshi-berry,book-markdown,books/hideyoshi-berry/markdown/en.archive-20260802_0638_pre_final_hybrid.md,630381,99804,0eb4816f4b89f13f73aaa1461391ece29b5a90e0822c1c38f1db75128fa575e8,catalogued-not-substantively-read
ZhJpBook:books/hideyoshi-berry/markdown/en.md,ZhJpBook,hideyoshi-berry,book-markdown,books/hideyoshi-berry/markdown/en.md,641445,101516,f94df153db75f72a1c2ca8359da3b174c498817c4ce3e79622b3f755740433e0,catalogued-not-substantively-read
ZhJpBook:books/history-japan-1334-1615/markdown/en.md,ZhJpBook,history-japan-1334-1615,book-markdown,books/history-japan-1334-1615/markdown/en.md,1131853,191214,0cfc1eafefb6ee62bedfe27ac9ef3ca7cfb22f215eb5c82a7aa3d48ac15d07df,catalogued-not-substantively-read
ZhJpBook:books/holy-roman-empire-history/markdown/en.md,ZhJpBook,holy-roman-empire-history,book-markdown,books/holy-roman-empire-history/markdown/en.md,1795127,278480,2b060b2aaf45235c69bcb079f307eb2943e7ce989b96ce03a0f5f1b5a3b7efc3,catalogued-not-substantively-read
ZhJpBook:books/hopscotch/markdown/en.md,ZhJpBook,hopscotch,book-markdown,books/hopscotch/markdown/en.md,1041019,186482,39b1b2df777e77c8dfd10f9909e889242809577e6ba340a6d2a5a051b0fcac88,catalogued-not-substantively-read
ZhJpBook:books/hou-han-shu/markdown/wenyan.md,ZhJpBook,hou-han-shu,book-markdown,books/hou-han-shu/markdown/wenyan.md,3281531,188645,ec7f13cc2febe28128fe8ba9980a963a098e2d7a85dadf81f92a99758b5abebd,catalogued-not-substantively-read
ZhJpBook:books/huainanzi/markdown/wenyan.md,ZhJpBook,huainanzi,book-markdown,books/huainanzi/markdown/wenyan.md,478047,26197,482375af9f5c97961069802afb4e4458901c55ffe7461348b10635a52cbba2b1,catalogued-not-substantively-read
ZhJpBook:books/huckleberry-finn/markdown/en.md,ZhJpBook,huckleberry-finn,book-markdown,books/huckleberry-finn/markdown/en.md,595709,116771,3dbc6338ea490b0e3f14d13a89185587efc77c0e533b41b173e524e75a424647,catalogued-not-substantively-read
ZhJpBook:books/i-am-a-cat/markdown/ja.md,ZhJpBook,i-am-a-cat,book-markdown,books/i-am-a-cat/markdown/ja.md,955413,18264,2ec7967a1fa16e0dcc6baf327e2b59dd5d2c43f403b67d18fb09b1d548da6b53,catalogued-not-substantively-read
ZhJpBook:books/i-am-a-cat/markdown/zh.md,ZhJpBook,i-am-a-cat,book-markdown,books/i-am-a-cat/markdown/zh.md,854911,29848,756d3c71254a99ba9d5f56e9c60d9db97591ebc4065f9267ce511041892324a1,catalogued-not-substantively-read
ZhJpBook:books/icarus-edge-of-time/markdown/en.md,ZhJpBook,icarus-edge-of-time,book-markdown,books/icarus-edge-of-time/markdown/en.md,10399,1783,e7c78366a6fe9473f761c905c685d30a576b3f0f3ceaec5952d4f640291d21de,catalogued-not-substantively-read
ZhJpBook:books/icarus-edge-of-time-complete-structure-repair/markdown/en.md,ZhJpBook,icarus-edge-of-time-complete-structure-repair,book-markdown,books/icarus-edge-of-time-complete-structure-repair/markdown/en.md,11294,1926,f83102a5ea76640df4d1f9337bc286f0380cf59498ebc3b3789d4a994ac3dfa4,catalogued-not-substantively-read
ZhJpBook:books/iliad-homer/markdown/en.md,ZhJpBook,iliad-homer,book-markdown,books/iliad-homer/markdown/en.md,1008787,177251,c6afff62381d46f9139eacacdcd7deb73fa6c17f1b6a7140f2add341be3ca81a,catalogued-not-substantively-read
ZhJpBook:books/iliad-homer/markdown/jp.md,ZhJpBook,iliad-homer,book-markdown,books/iliad-homer/markdown/jp.md,761394,18897,4b35f2c7c2b4ca4ea056ed1166a4ab92d8165dd1704dba2a40e224f7e123ac2d,catalogued-not-substantively-read
ZhJpBook:books/inspired-product/markdown/en.md,ZhJpBook,inspired-product,book-markdown,books/inspired-product/markdown/en.md,439091,75051,0946258591c6f0e6723ad48d7c0eaf0945b5424aafb4dd7893b2799d7e543ffa,catalogued-not-substantively-read
ZhJpBook:books/inspired-product-complete-structure-repair/markdown/en.md,ZhJpBook,inspired-product-complete-structure-repair,book-markdown,books/inspired-product-complete-structure-repair/markdown/en.md,440047,75276,1c8a7e1fe948aba901cd9fd7077dddc510bdbb6d1718e2c76a7b55a5813c17bb,catalogued-not-substantively-read
ZhJpBook:books/intelligent-investor/markdown/en.md,ZhJpBook,intelligent-investor,book-markdown,books/intelligent-investor/markdown/en.md,228920,38978,4cbfc93c55bdfece6a46e243877276b1ab1dfb70e530dee12eec7f8fdce25257,catalogued-not-substantively-read
ZhJpBook:books/intelligent-investor-complete-structure-repair/markdown/en.md,ZhJpBook,intelligent-investor-complete-structure-repair,book-markdown,books/intelligent-investor-complete-structure-repair/markdown/en.md,1173375,200447,e7d031aad45d36db460d18e8461e02e9dbae4514c3ad7c793e260fcc4534fa16,catalogued-not-substantively-read
ZhJpBook:books/inugami-curse/markdown/en.md,ZhJpBook,inugami-curse,book-markdown,books/inugami-curse/markdown/en.md,467073,81757,e51a1e973d8f6afed1f48e1a7b493d3e865f2db4aaeb759249209512be59140f,catalogued-not-substantively-read
ZhJpBook:books/inugami-curse/markdown/zh.md,ZhJpBook,inugami-curse,book-markdown,books/inugami-curse/markdown/zh.md,387316,12265,d89bf56dc813d8b961d6d4773df8cc6aef8da3d8c5cb850ec8db625ae2359cf8,catalogued-not-substantively-read
ZhJpBook:books/iran-empire-of-the-mind/markdown/en.md,ZhJpBook,iran-empire-of-the-mind,book-markdown,books/iran-empire-of-the-mind/markdown/en.md,686034,114599,08588059d72dc6b653fa3f4a8edf4d96f5037464d646b326a7e2b4bac037bca6,catalogued-not-substantively-read
ZhJpBook:books/izu-no-odori/markdown/zh.clean.md,ZhJpBook,izu-no-odori,book-markdown,books/izu-no-odori/markdown/zh.clean.md,382439,13329,3099e71658da3c657347948e8db5f455281d8fc217acbce841441b06431c3623,catalogued-not-substantively-read
ZhJpBook:books/izu-no-odori/markdown/zh.md,ZhJpBook,izu-no-odori,book-markdown,books/izu-no-odori/markdown/zh.md,382439,13329,3099e71658da3c657347948e8db5f455281d8fc217acbce841441b06431c3623,catalogued-not-substantively-read
ZhJpBook:books/izu-no-odori/markdown/zh.raw.md,ZhJpBook,izu-no-odori,book-markdown,books/izu-no-odori/markdown/zh.raw.md,386762,13938,4a51b22a4e5a4e62c8e15918d185bd97401c961e69c905767c7738deff78bd3e,catalogued-not-substantively-read
ZhJpBook:books/jane-eyre/markdown/en.md,ZhJpBook,jane-eyre,book-markdown,books/jane-eyre/markdown/en.md,1032389,187152,de5d46a4ef08571fe95dfaf5f5fa679961438ebd94b5eb11fa13f41a39c8b949,catalogued-not-substantively-read
ZhJpBook:books/jane-eyre/markdown/jp.md,ZhJpBook,jane-eyre,book-markdown,books/jane-eyre/markdown/jp.md,721847,15422,e1580dfe3ac5d00c49cc6aa89fbf9f7780d360f1e3eae6fb522fbf4cdb164806,catalogued-not-substantively-read
ZhJpBook:books/jane-eyre/markdown/zh.md,ZhJpBook,jane-eyre,book-markdown,books/jane-eyre/markdown/zh.md,984803,31236,b043943fed926de0c2cf3a7489ba6bb9b7b2f379e676ab5c28e93a5e42723281,catalogued-not-substantively-read
ZhJpBook:books/jane-eyre/markdown/zh.ocr-polished.md,ZhJpBook,jane-eyre,book-markdown,books/jane-eyre/markdown/zh.ocr-polished.md,1117219,47820,808196e9eec61332e8dc20fd4c3ead49f7a40cd76673271aaa4d535ec9d08bdb,catalogued-not-substantively-read
ZhJpBook:books/japan-emerging-premodern/markdown/en.archive-20260808-pre-reviewed.md,ZhJpBook,japan-emerging-premodern,book-markdown,books/japan-emerging-premodern/markdown/en.archive-20260808-pre-reviewed.md,29787,4642,15dc892c66177b198dedcb2bc53906eecaf3a369901a42d5b58df22ad03a8979,catalogued-not-substantively-read
ZhJpBook:books/japan-emerging-premodern/markdown/en.md,ZhJpBook,japan-emerging-premodern,book-markdown,books/japan-emerging-premodern/markdown/en.md,1085526,168642,e5eb2c7aa1a7c2d6094bd6128be47a8e2051eb7abd42737da8d8486e4cd48cd0,catalogued-not-substantively-read
ZhJpBook:books/japanese-history/markdown/en.md,ZhJpBook,japanese-history,book-markdown,books/japanese-history/markdown/en.md,648145,99602,563b2dd1012c830d7fc8d0a7552ec88419d637e046a5b09dbf4a0da11b195650,catalogued-not-substantively-read
ZhJpBook:books/japanese-history/markdown/zh.md,ZhJpBook,japanese-history,book-markdown,books/japanese-history/markdown/zh.md,566612,22025,371292f090be188509e5e03d625998bdf8fcdc12b39ceb601209b4ff6aa73512,catalogued-not-substantively-read
ZhJpBook:books/japonius-tyrannus/markdown/en.md,ZhJpBook,japonius-tyrannus,book-markdown,books/japonius-tyrannus/markdown/en.md,591499,95640,1a5d9f9c14ff552ccb038907a3769d2d9b96b6c863b842e4e3f8b354d244dac9,catalogued-not-substantively-read
ZhJpBook:books/jinpingmei-cihua/markdown/zh.md,ZhJpBook,jinpingmei-cihua,book-markdown,books/jinpingmei-cihua/markdown/zh.md,2261181,100428,a79e7327dafc04d66cd82aca652a095912cba81b5867cd8e26d3aafc6568ba99,catalogued-not-substantively-read
ZhJpBook:books/kappa-akutagawa/markdown/ja.md,ZhJpBook,kappa-akutagawa,book-markdown,books/kappa-akutagawa/markdown/ja.md,111334,2175,b15811bbff9a2f5a6fcea1e32b219818582bec09483cb298da40fe5533a5bf24,catalogued-not-substantively-read
ZhJpBook:books/keats-poems/markdown/en.md,ZhJpBook,keats-poems,book-markdown,books/keats-poems/markdown/en.md,323369,57253,2b934065ec0ac40909ac6d4e8614b3fcf7b81936148be13e276d5d62e49451e8,catalogued-not-substantively-read
ZhJpBook:books/keats-poems/markdown/zh.md,ZhJpBook,keats-poems,book-markdown,books/keats-poems/markdown/zh.md,49565,1734,8b8aa6f0a14fd82cd654ff45e77d60d545ed46ec1e85286e487db93a04dbfe39,catalogued-not-substantively-read
ZhJpBook:books/keats-poems-spark/markdown/en.md,ZhJpBook,keats-poems-spark,book-markdown,books/keats-poems-spark/markdown/en.md,323369,57253,2b934065ec0ac40909ac6d4e8614b3fcf7b81936148be13e276d5d62e49451e8,catalogued-not-substantively-read
ZhJpBook:books/keats-poems-spark/markdown/zh.md,ZhJpBook,keats-poems-spark,book-markdown,books/keats-poems-spark/markdown/zh.md,49565,1734,8b8aa6f0a14fd82cd654ff45e77d60d545ed46ec1e85286e487db93a04dbfe39,catalogued-not-substantively-read
ZhJpBook:books/kinkakuji/markdown/zh.clean.md,ZhJpBook,kinkakuji,book-markdown,books/kinkakuji/markdown/zh.clean.md,382327,11799,0924ec28e98661d3ee23627f9d712a4b8ab46dff3051c44cd65fdc8784447e5f,catalogued-not-substantively-read
ZhJpBook:books/kinkakuji/markdown/zh.md,ZhJpBook,kinkakuji,book-markdown,books/kinkakuji/markdown/zh.md,382367,11799,50f0abaced13f36ef39ba96364bf99913bc84605951b872d273a8d2384952cac,catalogued-not-substantively-read
ZhJpBook:books/kinkakuji/markdown/zh.raw.md,ZhJpBook,kinkakuji,book-markdown,books/kinkakuji/markdown/zh.raw.md,399201,12570,0bdebbc1066609cc6457ccbfa44d266404c3b7b476fbc264889c5963197261bd,catalogued-not-substantively-read
ZhJpBook:books/kojiki/markdown/ja_modern.md,ZhJpBook,kojiki,book-markdown,books/kojiki/markdown/ja_modern.md,625073,17780,28f721a79aeef5ca8f24fbead7d2b9774cc353661566cbeb1ab6cb764b939371,catalogued-not-substantively-read
ZhJpBook:books/kojiki/markdown/ja_modern.raw.md,ZhJpBook,kojiki,book-markdown,books/kojiki/markdown/ja_modern.raw.md,938084,80739,f0775cf5d6e1a25065366d49d06688f63e94442ef5443779b848ca8f05711e8f,catalogued-not-substantively-read
ZhJpBook:books/kojiki/markdown/zh.md,ZhJpBook,kojiki,book-markdown,books/kojiki/markdown/zh.md,169903,8758,f0e083f61fed5ca6d24d60b3901eee298b5354b180eff4212412979947b7d215,catalogued-not-substantively-read
ZhJpBook:books/kokin-wakashu/markdown/japanese-source.md,ZhJpBook,kokin-wakashu,book-markdown,books/kokin-wakashu/markdown/japanese-source.md,229203,8877,36599dd7e78ad704b31205d608c763a6ba6ebd645092cb009dddca3def9b414e,catalogued-not-substantively-read
ZhJpBook:books/kokoro/markdown/book.md,ZhJpBook,kokoro,book-markdown,books/kokoro/markdown/book.md,562156,19848,2348eba3a29d6a22ab881583973ea67c2e438e4d51856cedee6759bc243bc9c5,catalogued-not-substantively-read
ZhJpBook:books/kokoro/markdown/book.raw.md,ZhJpBook,kokoro,book-markdown,books/kokoro/markdown/book.raw.md,597928,24859,06c6977384bd3948f1b563411fa8c833211434d483ec3bb2c6d3e253a7cadd86,catalogued-not-substantively-read
ZhJpBook:books/kokoro/markdown/ja.md,ZhJpBook,kokoro,book-markdown,books/kokoro/markdown/ja.md,482242,9152,263ee08046525328bfc86cf23c71ef6b8ea06015d934ecf717d6599b046c0df6,catalogued-not-substantively-read
ZhJpBook:books/kokoro/markdown/ja.section.md,ZhJpBook,kokoro,book-markdown,books/kokoro/markdown/ja.section.md,481820,9154,5e212f859ccb4e8e96da53aef828648f284d6e7b7e26c81d33c1922b7996b46b,catalogued-not-substantively-read
ZhJpBook:books/kokoro/markdown/zh.md,ZhJpBook,kokoro,book-markdown,books/kokoro/markdown/zh.md,331880,11196,bb0f78923cbee60093ae5adf358326b251ec25632170ff573d04e2dddd264f50,catalogued-not-substantively-read
ZhJpBook:books/kokoro-jp/markdown/book.md,ZhJpBook,kokoro-jp,book-markdown,books/kokoro-jp/markdown/book.md,199872,37984,ebb82a2c8d53432ee7867cbb0a8a1d3d9163f3504813e95c4847f717d23a9f6f,catalogued-not-substantively-read
ZhJpBook:books/kokoro-jp/markdown/book.raw.md,ZhJpBook,kokoro-jp,book-markdown,books/kokoro-jp/markdown/book.raw.md,24666,3495,7bfdb489cc14734bcb7ec31ffc4391d74483f703dea01cf1a0180d05a04d8bfc,catalogued-not-substantively-read
ZhJpBook:books/kreutzer-sonata/markdown/en.md,ZhJpBook,kreutzer-sonata,book-markdown,books/kreutzer-sonata/markdown/en.md,352349,63772,949c127a18b7c0a43c4a236d76b425878a5560f8f25d1c3e228c6521260e3b3b,catalogued-not-substantively-read
ZhJpBook:books/lady-with-the-dog/markdown/en.md,ZhJpBook,lady-with-the-dog,book-markdown,books/lady-with-the-dog/markdown/en.md,393790,71598,c847b824aacba1a368ac22cfe36c07b812109fd4e8636291b22b2002076f01f9,catalogued-not-substantively-read
ZhJpBook:books/leaders-eat-last/markdown/en.md,ZhJpBook,leaders-eat-last,book-markdown,books/leaders-eat-last/markdown/en.md,470741,82239,9fb3819fe49ba27ff6b742e0476358280770469019a864721f2c87bbe45df9b6,catalogued-not-substantively-read
ZhJpBook:books/leadership-21-laws/markdown/en.md,ZhJpBook,leadership-21-laws,book-markdown,books/leadership-21-laws/markdown/en.md,456360,80238,3a9b6bf20603a41e5adc05e1e04af51cdc57c11624ca0086b01bc10da93e4386,catalogued-not-substantively-read
ZhJpBook:books/leadership-challenge/markdown/en.md,ZhJpBook,leadership-challenge,book-markdown,books/leadership-challenge/markdown/en.md,596959,96481,43b6613cd0dfa12ae6ce3d5fa68054ae787f0a6a9cd4218e36b1ee60bd94d5ff,catalogued-not-substantively-read
ZhJpBook:books/leadership-self-deception/markdown/en.md,ZhJpBook,leadership-self-deception,book-markdown,books/leadership-self-deception/markdown/en.md,191685,33442,004da058d3308fdb6db9a170529ff2abecf70f2801e91167d17dc6ccac07dc08,catalogued-not-substantively-read
ZhJpBook:books/lean-startup/markdown/en.md,ZhJpBook,lean-startup,book-markdown,books/lean-startup/markdown/en.md,491649,82666,9846713eb49c0918117a2415ff6a66d113fb52ff5236dd3e97018e76452a50c3,catalogued-not-substantively-read
ZhJpBook:books/lean-startup-complete-structure-repair/markdown/en.md,ZhJpBook,lean-startup-complete-structure-repair,book-markdown,books/lean-startup-complete-structure-repair/markdown/en.md,500515,84054,548448eb47c2d7724dd5c2c3f916b3fda2dafe319bb0b1c2fb74d3433a9c24db,catalogued-not-substantively-read
ZhJpBook:books/les-miserables/markdown/en.md,ZhJpBook,les-miserables,book-markdown,books/les-miserables/markdown/en.md,3252032,569595,49144fb71d4769a572ace04f43d7127cb7d1e48e9f587fe1b57ea859e6e8819f,catalogued-not-substantively-read
ZhJpBook:books/les-miserables/markdown/en.ocr-polished.md,ZhJpBook,les-miserables,book-markdown,books/les-miserables/markdown/en.ocr-polished.md,3386032,586520,da3f46e7cc9ca8fd5748e8b6cbcf616dafa5ba7786b2a7387914f09b726a4a17,catalogued-not-substantively-read
ZhJpBook:books/les-miserables/markdown/jp.md,ZhJpBook,les-miserables,book-markdown,books/les-miserables/markdown/jp.md,4218893,91790,20a6aa2ff5e1d3be4de2a2828de3ff098584379c9d87af98d17e8b3bd21de2d2,catalogued-not-substantively-read
ZhJpBook:books/les-miserables/markdown/zh.md,ZhJpBook,les-miserables,book-markdown,books/les-miserables/markdown/zh.md,2670840,105278,2cbf435b063df8ddf30b6c7a158c844d2d2772fd1fd6e92c50cbb8e23a1849f9,catalogued-not-substantively-read
ZhJpBook:books/les-miserables/markdown/zh.ocr-polished.md,ZhJpBook,les-miserables,book-markdown,books/les-miserables/markdown/zh.ocr-polished.md,2636153,117104,e23f52acad740aa0343e0fa7c86f826ce342fa315288bfaef0cd5b0040f9f61c,catalogued-not-substantively-read
ZhJpBook:books/letter-from-an-unknown-woman/markdown/en.md,ZhJpBook,letter-from-an-unknown-woman,book-markdown,books/letter-from-an-unknown-woman/markdown/en.md,83637,15907,617b6eef17e839790fb235b517594c5ae9e8000843a308e8677c342ec92b6dc5,catalogued-not-substantively-read
ZhJpBook:books/little-book-common-sense-investing/markdown/en.md,ZhJpBook,little-book-common-sense-investing,book-markdown,books/little-book-common-sense-investing/markdown/en.md,275087,45152,414b18a92603443a85fcf3707aec2ea5c0d08165de67d87a421d068c58fafb23,catalogued-not-substantively-read
ZhJpBook:books/little-book-common-sense-investing-complete-structure-repair/markdown/en.md,ZhJpBook,little-book-common-sense-investing-complete-structure-repair,book-markdown,books/little-book-common-sense-investing-complete-structure-repair/markdown/en.md,288170,48008,33f6ac390fefb293a8da4969f98fcc74d9a21bbf88258ccde57b555201eb5a6a,catalogued-not-substantively-read
ZhJpBook:books/little-women/markdown/en.md,ZhJpBook,little-women,book-markdown,books/little-women/markdown/en.md,1024874,190401,ae4236481a1a9a9a3772c2fade7ab0921ccd689439a99420bf90693c308dda5e,catalogued-not-substantively-read
ZhJpBook:books/lost-enlightenment-central-asia/markdown/en.md,ZhJpBook,lost-enlightenment-central-asia,book-markdown,books/lost-enlightenment-central-asia/markdown/en.md,1222126,200823,a0b7704a64c4198c68636e84284a7ca83a8b7b66f2d6e5aa0644f5f85f2f1f9d,catalogued-not-substantively-read
ZhJpBook:books/love-in-time-of-cholera/markdown/en.md,ZhJpBook,love-in-time-of-cholera,book-markdown,books/love-in-time-of-cholera/markdown/en.md,831245,149827,a93f3d9f772525c5a64e9d4e133c4161bd246ea16a92a6f40b60a7d9a840af32,catalogued-not-substantively-read
ZhJpBook:books/lunyu/markdown/wenyan.md,ZhJpBook,lunyu,book-markdown,books/lunyu/markdown/wenyan.md,66665,4133,cc7f6c623f7d32b2e5ed7581fe2b81e1b9094b2e45ce3e2b8e785790bb3302d0,catalogued-not-substantively-read
ZhJpBook:books/lushi-chunqiu/markdown/wenyan.md,ZhJpBook,lushi-chunqiu,book-markdown,books/lushi-chunqiu/markdown/wenyan.md,396499,21862,d30508bf572c4e7ffdfb494b631a7ba21db6d471d694e314750f6f055e246201,catalogued-not-substantively-read
ZhJpBook:books/madame-bovary/markdown/en.md,ZhJpBook,madame-bovary,book-markdown,books/madame-bovary/markdown/en.md,664950,117712,e2760ffd50881c7e963774033e5bf5a916df2d9c7029c55ca89d03fdfc4c2730,catalogued-not-substantively-read
ZhJpBook:books/man-in-a-case-chekhov/markdown/en.md,ZhJpBook,man-in-a-case-chekhov,book-markdown,books/man-in-a-case-chekhov/markdown/en.md,29735,5338,4521127c5be1bf6b9d290ca54fb741f751987594b327061478e35d855f17e39a,catalogued-not-substantively-read
ZhJpBook:books/man-who-laughs/markdown/en.md,ZhJpBook,man-who-laughs,book-markdown,books/man-who-laughs/markdown/en.md,1161107,205420,667aac2ec7805ba86fc141850706cc9d1e7c9224824b25b575a00082b9880e5d,catalogued-not-substantively-read
ZhJpBook:books/mans-search-for-meaning/markdown/en.md,ZhJpBook,mans-search-for-meaning,book-markdown,books/mans-search-for-meaning/markdown/en.md,276750,48628,f3fde4e62e33ee90c96cdb012119f08b6319b55943eecda20c9d2565ad853a20,catalogued-not-substantively-read
ZhJpBook:books/manyoshu/markdown/japanese-source.md,ZhJpBook,manyoshu,book-markdown,books/manyoshu/markdown/japanese-source.md,979646,47823,4be96b9084902d23634858078dc2ae66b086f6c8b108a6d1cc1c234a8c8812f1,catalogued-not-substantively-read
ZhJpBook:books/martian-chronicles/markdown/en.md,ZhJpBook,martian-chronicles,book-markdown,books/martian-chronicles/markdown/en.md,354797,64046,d8646cf6002339a22c09b2e66ae45f8cde18b998e7f00a10021b1a44dfd9d388,catalogued-not-substantively-read
ZhJpBook:books/martian-chronicles/markdown/zh.md,ZhJpBook,martian-chronicles,book-markdown,books/martian-chronicles/markdown/zh.md,307018,11539,81ff6c71047678242cdc2d94b945b534795564704eabe236dc1d217859203598,catalogued-not-substantively-read
ZhJpBook:books/master-and-margarita/markdown/zh.md,ZhJpBook,master-and-margarita,book-markdown,books/master-and-margarita/markdown/zh.md,902554,34034,b9c5e37455967ea977a16b287ba8ad3b539dec8ec4af8b44d75b06811fde1fa4,catalogued-not-substantively-read
ZhJpBook:books/meditations-marcus-aurelius/markdown/en.md,ZhJpBook,meditations-marcus-aurelius,book-markdown,books/meditations-marcus-aurelius/markdown/en.md,314924,57347,f62dc5b626ec727352397fece2d250a5d48851eca73ba98ace79632cad43731b,catalogued-not-substantively-read
ZhJpBook:books/mengzi/markdown/wenyan.md,ZhJpBook,mengzi,book-markdown,books/mengzi/markdown/wenyan.md,136621,7524,3ba51ee1fbf2a2453d5288a0e3d8450c758c546bed4fd71fd7b7b9f509592e9a,catalogued-not-substantively-read
ZhJpBook:books/metamorphosis-kafka/markdown/ja.md,ZhJpBook,metamorphosis-kafka,book-markdown,books/metamorphosis-kafka/markdown/ja.md,168901,3238,2e6884c6ede4dac90ab3a284d72e2d0ad8ef37271d7ba07ce046eee9d0fa8642,catalogued-not-substantively-read
ZhJpBook:books/mom-test/markdown/en.md,ZhJpBook,mom-test,book-markdown,books/mom-test/markdown/en.md,175721,31180,248a876ae6ba468ab6fba521ae2467aba963ded0fc16cfe466e3935c60bd0601,catalogued-not-substantively-read
ZhJpBook:books/mom-test-complete-structure-repair/markdown/en.md,ZhJpBook,mom-test-complete-structure-repair,book-markdown,books/mom-test-complete-structure-repair/markdown/en.md,175555,31186,54bdcae35952c158a879f7a9424ad38ff3d422cccc5d4a6aa4117b2606f6a221,catalogued-not-substantively-read
ZhJpBook:books/moon-and-sixpence/markdown/en.md,ZhJpBook,moon-and-sixpence,book-markdown,books/moon-and-sixpence/markdown/en.md,417110,77225,17a8d9fec002e99f3fe8922a87589268afc338e2e96bb174108177ac707ce8a0,catalogued-not-substantively-read
ZhJpBook:books/mozi/markdown/wenyan.md,ZhJpBook,mozi,book-markdown,books/mozi/markdown/wenyan.md,277497,14741,27697d983c174177589251e638e9612a9c90745ce308be7768da8c31fa3c3ed9,catalogued-not-substantively-read
ZhJpBook:books/mrs-dalloway/markdown/en.md,ZhJpBook,mrs-dalloway,book-markdown,books/mrs-dalloway/markdown/en.md,362177,64404,5a67ad3b730d82462612cebbbd169ce8f938220d01937e7e2504c2c8a325afdc,catalogued-not-substantively-read
ZhJpBook:books/mudanting/markdown/wenyan.md,ZhJpBook,mudanting,book-markdown,books/mudanting/markdown/wenyan.md,257263,15392,0b2bdd303ccc93c96275a10abe458e7264b2701f6dc45c36db5e0864f8671c7c,catalogued-not-substantively-read
ZhJpBook:books/multipliers-leadership/markdown/en.md,ZhJpBook,multipliers-leadership,book-markdown,books/multipliers-leadership/markdown/en.md,525248,87796,23090bf687aafb94092af9aa1d552924701d3967d34fe14487b19d3b59968d10,catalogued-not-substantively-read
ZhJpBook:books/my-brief-history/markdown/en.md,ZhJpBook,my-brief-history,book-markdown,books/my-brief-history/markdown/en.md,118221,21048,4d652e71e5ee8f5c740283d3087af13bc5ccaa2a110b3917a39210ba18fb7ef1,catalogued-not-substantively-read
ZhJpBook:books/natsume-complete/markdown/book.md,ZhJpBook,natsume-complete,book-markdown,books/natsume-complete/markdown/book.md,10889704,229455,5760cf2f7061f0dce82de914f720b0affc4c8d8ca83bf0f4826caa02894ad791,catalogued-not-substantively-read
ZhJpBook:books/natsume-complete/markdown/book.raw.md,ZhJpBook,natsume-complete,book-markdown,books/natsume-complete/markdown/book.raw.md,10943925,231599,de877791facd74db090bac8dc4948fb817e9552007e3e576aa08cdc11db5cf3d,catalogued-not-substantively-read
ZhJpBook:books/nature-of-space-time/markdown/en.md,ZhJpBook,nature-of-space-time,book-markdown,books/nature-of-space-time/markdown/en.md,214041,36319,e14f13b3919a422091686318c52012e8c5af44e4756e8c6d8b5c8a6d6491744e,catalogued-not-substantively-read
ZhJpBook:books/naval-almanack/markdown/en.md,ZhJpBook,naval-almanack,book-markdown,books/naval-almanack/markdown/en.md,253160,45455,ba6b51e01126868ff42a3447bc2624a79f163a124356d61f88c60400c95d0ded,catalogued-not-substantively-read
ZhJpBook:books/new-roman-empire/markdown/en.md,ZhJpBook,new-roman-empire,book-markdown,books/new-roman-empire/markdown/en.md,2653147,438326,2d2c0123a759b705702b2d7d3a70fa341f0e6e614c8acaf8f168395f3e90263e,catalogued-not-substantively-read
ZhJpBook:books/new-roman-empire-gpt55-low/markdown/en.md,ZhJpBook,new-roman-empire-gpt55-low,book-markdown,books/new-roman-empire-gpt55-low/markdown/en.md,2653147,438326,2d2c0123a759b705702b2d7d3a70fa341f0e6e614c8acaf8f168395f3e90263e,catalogued-not-substantively-read
ZhJpBook:books/nihon-shoki/markdown/wenyan.md,ZhJpBook,nihon-shoki,book-markdown,books/nihon-shoki/markdown/wenyan.md,677679,33432,92916f60d30f354f748ebccc430e513bfbb38254b4a734a90f355545b9520ef7,catalogued-not-substantively-read
ZhJpBook:books/nineteen-eighty-four/markdown/en.md,ZhJpBook,nineteen-eighty-four,book-markdown,books/nineteen-eighty-four/markdown/en.md,585239,103685,0beb92240869e7ba20adaf0428a6bad158896c4abe665583a63e259484c0e9c0,catalogued-not-substantively-read
ZhJpBook:books/no-longer-human/markdown/ja.clean.md,ZhJpBook,no-longer-human,book-markdown,books/no-longer-human/markdown/ja.clean.md,222535,6748,9a4d46059b35f3abbb7e81f9feadd7da3034a8e3a56e270c589f0eed51ef7f8c,catalogued-not-substantively-read
ZhJpBook:books/no-longer-human/markdown/ja.md,ZhJpBook,no-longer-human,book-markdown,books/no-longer-human/markdown/ja.md,222514,6748,5d5657b9871b2a0c7b8f2ee56c979608155ba2a85cce123fa59c265bd01a24d2,catalogued-not-substantively-read
ZhJpBook:books/no-longer-human/markdown/ja.raw.md,ZhJpBook,no-longer-human,book-markdown,books/no-longer-human/markdown/ja.raw.md,305235,66845,a215bf2b3c36e4ff4003b98a5ea6e73253039907352840d3e9d53eaf868b3092,catalogued-not-substantively-read
ZhJpBook:books/no-longer-human/markdown/zh.clean.md,ZhJpBook,no-longer-human,book-markdown,books/no-longer-human/markdown/zh.clean.md,152145,5214,2e6fca0f164f020b9f51358dda62f07e715f53d8196f0457f5fc297a472a6893,catalogued-not-substantively-read
ZhJpBook:books/no-longer-human/markdown/zh.md,ZhJpBook,no-longer-human,book-markdown,books/no-longer-human/markdown/zh.md,152145,5214,2e6fca0f164f020b9f51358dda62f07e715f53d8196f0457f5fc297a472a6893,catalogued-not-substantively-read
ZhJpBook:books/no-longer-human/markdown/zh.raw.md,ZhJpBook,no-longer-human,book-markdown,books/no-longer-human/markdown/zh.raw.md,196376,8713,3c43b195fac07b2c55bdc8ad69f3acb60d05e3cd1f7b4296d30ead6c18154647,catalogued-not-substantively-read
ZhJpBook:books/notes-from-underground/markdown/en.md,ZhJpBook,notes-from-underground,book-markdown,books/notes-from-underground/markdown/en.md,240917,44347,a9eb468effeeb95d86eaa06f8f498d59d24b967f15afe1db11d5f3b8fd714e17,catalogued-not-substantively-read
ZhJpBook:books/notre-dame-de-paris/markdown/en.md,ZhJpBook,notre-dame-de-paris,book-markdown,books/notre-dame-de-paris/markdown/en.md,1049852,184442,4a721bd0ede1efb56aa04ead786ace483fb846b5979a37b2d3f15a2e8345e28c,catalogued-not-substantively-read
ZhJpBook:books/notre-dame-de-paris/markdown/en.ocr-polished.md,ZhJpBook,notre-dame-de-paris,book-markdown,books/notre-dame-de-paris/markdown/en.ocr-polished.md,1114343,192977,15560cd6080b82bfe318ec284a33c639ab9ba1c6eb8d8b2cb54181f3977a4435,catalogued-not-substantively-read
ZhJpBook:books/notre-dame-de-paris/markdown/zh.md,ZhJpBook,notre-dame-de-paris,book-markdown,books/notre-dame-de-paris/markdown/zh.md,308626,11897,75bd5f5cdf121732e8aaeef378e07f6b8b011adb9e483503db5d9762fd014a14,catalogued-not-substantively-read
ZhJpBook:books/notre-dame-de-paris/markdown/zh.ocr-polished.md,ZhJpBook,notre-dame-de-paris,book-markdown,books/notre-dame-de-paris/markdown/zh.ocr-polished.md,400829,22102,f5bd8bd2cbf43e0e9eb6024187505ed56df036f4b3ea27aaa7d8f7d1522c75ee,catalogued-not-substantively-read
ZhJpBook:books/odyssey-homer/markdown/en.md,ZhJpBook,odyssey-homer,book-markdown,books/odyssey-homer/markdown/en.md,685943,130146,f3699620434f688c823190edeb50d6725339d21e77995d98dd0f305176901c00,catalogued-not-substantively-read
ZhJpBook:books/odyssey-homer/markdown/jp.md,ZhJpBook,odyssey-homer,book-markdown,books/odyssey-homer/markdown/jp.md,631009,13653,f2c0987f1c8081c13fae7358f1b4a8022544f8a9f9c59c84c675e8f84258ee2d,catalogued-not-substantively-read
ZhJpBook:books/old-man-and-the-sea/markdown/en.md,ZhJpBook,old-man-and-the-sea,book-markdown,books/old-man-and-the-sea/markdown/en.md,148630,29360,408a3436e239af9682a1e693d895ea55d688db6eb6bada5451f51ab51295ed34,catalogued-not-substantively-read
ZhJpBook:books/oliver-twist/markdown/en.md,ZhJpBook,oliver-twist,book-markdown,books/oliver-twist/markdown/en.md,920786,162423,a92650d4755146ede6bf4bd5913530ad0175440906d0a8e8b078647709653441,catalogued-not-substantively-read
ZhJpBook:books/on-becoming-a-leader/markdown/en.md,ZhJpBook,on-becoming-a-leader,book-markdown,books/on-becoming-a-leader/markdown/en.md,459001,77616,75964e4d2112b38d921b14bbe6e35913bc661ead8acf5e5684fe4c8f1606d444,catalogued-not-substantively-read
ZhJpBook:books/one-hundred-years-of-solitude/markdown/en.md,ZhJpBook,one-hundred-years-of-solitude,book-markdown,books/one-hundred-years-of-solitude/markdown/en.md,811867,144735,5a5d2533b2b71a33d13cb9aefdfc97598dd34eb669eee74846c3ccdc21fdfe6a,catalogued-not-substantively-read
ZhJpBook:books/one-hundred-years-of-solitude/markdown/en.ocr-polished.md,ZhJpBook,one-hundred-years-of-solitude,book-markdown,books/one-hundred-years-of-solitude/markdown/en.ocr-polished.md,822418,146194,8b63870d76105e5295c14cc2515812b55e5707aed0327b135199b5f568ea7ec5,catalogued-not-substantively-read
ZhJpBook:books/one-hundred-years-of-solitude/markdown/zh.md,ZhJpBook,one-hundred-years-of-solitude,book-markdown,books/one-hundred-years-of-solitude/markdown/zh.md,693861,19501,686e0c9e2c6277176a0e13436124d4eb068fa86a66733b78029bdff61b9a466d,catalogued-not-substantively-read
ZhJpBook:books/origins-earth-human-history/markdown/en.md,ZhJpBook,origins-earth-human-history,book-markdown,books/origins-earth-human-history/markdown/en.md,539438,88516,f5497b298d5f4c60be45ce657e2b479fe05cb273b9e50e8150651806e9e1751a,catalogued-not-substantively-read
ZhJpBook:books/ottomans-khans-caesars-caliphs/markdown/en.md,ZhJpBook,ottomans-khans-caesars-caliphs,book-markdown,books/ottomans-khans-caesars-caliphs/markdown/en.md,943158,151035,06e31efd85e0d58b9295fc267d7468d8f5613d478d1bc68ccbc77ca586501d55,catalogued-not-substantively-read
ZhJpBook:books/ovid-art-of-love/markdown/en.md,ZhJpBook,ovid-art-of-love,book-markdown,books/ovid-art-of-love/markdown/en.md,29923,5056,1f1cd4c5f03ce4b09f5b0a5700436707ddb115839ae928a0c33c2dbf891fdd50,catalogued-not-substantively-read
ZhJpBook:books/ovid-art-of-love/markdown/zh.md,ZhJpBook,ovid-art-of-love,book-markdown,books/ovid-art-of-love/markdown/zh.md,193818,8235,6ac9b44f47a83d320bb9245ff0f8097bccfff6da5d2aeabacef14c1b09af8a25,catalogued-not-substantively-read
ZhJpBook:books/ovid-art-of-love-spark/markdown/en.md,ZhJpBook,ovid-art-of-love-spark,book-markdown,books/ovid-art-of-love-spark/markdown/en.md,29923,5056,1f1cd4c5f03ce4b09f5b0a5700436707ddb115839ae928a0c33c2dbf891fdd50,catalogued-not-substantively-read
ZhJpBook:books/ovid-art-of-love-spark/markdown/zh.md,ZhJpBook,ovid-art-of-love-spark,book-markdown,books/ovid-art-of-love-spark/markdown/zh.md,193818,8235,6ac9b44f47a83d320bb9245ff0f8097bccfff6da5d2aeabacef14c1b09af8a25,catalogued-not-substantively-read
ZhJpBook:books/persian-fire/markdown/en.md,ZhJpBook,persian-fire,book-markdown,books/persian-fire/markdown/en.md,837878,141575,ce9baa0742d58c560737ec46d0f36f4604203289012916d28d457ca6e9344425,catalogued-not-substantively-read
ZhJpBook:books/personal-matter/markdown/en.md,ZhJpBook,personal-matter,book-markdown,books/personal-matter/markdown/en.md,373167,67221,76545fa3ea79340ea3fdb097ad0db2106d7b79ed85d57faf11ff54fa77a1425a,catalogued-not-substantively-read
ZhJpBook:books/platform-sutra/markdown/wenyan.md,ZhJpBook,platform-sutra,book-markdown,books/platform-sutra/markdown/wenyan.md,46654,2667,96358d8a5821968e8dfbb35a7bde5156ad81b10008d1673ada4f3d628eb696ca,catalogued-not-substantively-read
ZhJpBook:books/plato-republic/markdown/en.md,ZhJpBook,plato-republic,book-markdown,books/plato-republic/markdown/en.md,637377,118531,7a7a68b647ba429e3eacbe6a77051ef33618384188e717efc1acc4c3dd50704f,catalogued-not-substantively-read
ZhJpBook:books/plato-republic/markdown/en.source.md,ZhJpBook,plato-republic,book-markdown,books/plato-republic/markdown/en.source.md,641687,118533,8319ad18749c36c72b46f8d2816373bfeae6020fd982bad31a3245e84a6cc48b,catalogued-not-substantively-read
ZhJpBook:books/positioning-battle-for-your-mind/markdown/en.md,ZhJpBook,positioning-battle-for-your-mind,book-markdown,books/positioning-battle-for-your-mind/markdown/en.md,372703,63379,715e0c1b82f54d44e56503d26ae0a4553eb109e8b2fc6bb3031b2be784b7e3b9,catalogued-not-substantively-read
ZhJpBook:books/pride-and-prejudice/markdown/en.md,ZhJpBook,pride-and-prejudice,book-markdown,books/pride-and-prejudice/markdown/en.md,732702,129254,7215839c75115a5e43240bd0c71ab16c656d916a21396e455107425d336d4ac7,catalogued-not-substantively-read
ZhJpBook:books/psychology-of-money/markdown/en.md,ZhJpBook,psychology-of-money,book-markdown,books/psychology-of-money/markdown/en.md,309087,54283,6d963ae14c0151e682fcf6741413329a0d9819329390c4901f55b2545e38d4d6,catalogued-not-substantively-read
ZhJpBook:books/questions-that-sell/markdown/en.md,ZhJpBook,questions-that-sell,book-markdown,books/questions-that-sell/markdown/en.md,267682,44667,e30db34993e342523dabcb9ba541e66200b6d522e3c2cf18fbe447eae74a44a3,catalogued-not-substantively-read
ZhJpBook:books/questions-that-sell-complete-structure-repair/markdown/en.md,ZhJpBook,questions-that-sell-complete-structure-repair,book-markdown,books/questions-that-sell-complete-structure-repair/markdown/en.md,263508,44204,5cff0bc13b881329eaa2929c0ac7bcb8d456f54291ad194464aa72c63037ee48,catalogued-not-substantively-read
ZhJpBook:books/quran/markdown/quran-arabic-source.md,ZhJpBook,quran,book-markdown,books/quran/markdown/quran-arabic-source.md,1393377,299685,e9d3feaf2f6922b48d89912e17ef76e8b91f0fcbb6a1faafc49b5a82575cb3ea,catalogued-not-substantively-read
ZhJpBook:books/radical-candor/markdown/en.md,ZhJpBook,radical-candor,book-markdown,books/radical-candor/markdown/en.md,441309,78486,4e159d33fbffd156de7ae5b7ad5207a2c748090baa71354cab8a50f94b567519,catalogued-not-substantively-read
ZhJpBook:books/rashomon-stories/markdown/zh.clean.md,ZhJpBook,rashomon-stories,book-markdown,books/rashomon-stories/markdown/zh.clean.md,366531,12166,6aeecbd0292e941457ba02abb30b877e08e4febecd68df2d5cdc37ba72e9dc96,catalogued-not-substantively-read
ZhJpBook:books/rashomon-stories/markdown/zh.md,ZhJpBook,rashomon-stories,book-markdown,books/rashomon-stories/markdown/zh.md,366531,12166,6aeecbd0292e941457ba02abb30b877e08e4febecd68df2d5cdc37ba72e9dc96,catalogued-not-substantively-read
ZhJpBook:books/rashomon-stories/markdown/zh.raw.md,ZhJpBook,rashomon-stories,book-markdown,books/rashomon-stories/markdown/zh.raw.md,369610,12461,67e3afc59955c29c04a907e14366fd86b920d95a53983f3d6729991de3be3dc4,catalogued-not-substantively-read
ZhJpBook:books/red-and-black/markdown/en.md,ZhJpBook,red-and-black,book-markdown,books/red-and-black/markdown/en.md,1097293,196313,c8b6ab56e2125125d79af8c96426b26cd336e07fa2fdecf9ff5dac17ef988ac9,catalogued-not-substantively-read
ZhJpBook:books/red-mars/markdown/en.md,ZhJpBook,red-mars,book-markdown,books/red-mars/markdown/en.md,1186310,210321,feffde5a255201cabcb510efcfae95bea1462720534889d6b4959d8435bccb07,catalogued-not-substantively-read
ZhJpBook:books/red-mars/markdown/zh.md,ZhJpBook,red-mars,book-markdown,books/red-mars/markdown/zh.md,809316,24410,a1083c159aad5383eb4940487ae016f70ce3a3e73b59c1332d270fc81ec3e4ea,catalogued-not-substantively-read
ZhJpBook:books/red-rising-1/markdown/en.md,ZhJpBook,red-rising-1,book-markdown,books/red-rising-1/markdown/en.md,694482,129393,4f84c8b5a7b70fd1b7c2f76b688438008210101e238d0b26b813ea19e361bdc3,catalogued-not-substantively-read
ZhJpBook:books/red-rising-1/markdown/zh.md,ZhJpBook,red-rising-1,book-markdown,books/red-rising-1/markdown/zh.md,735242,24659,e7828bc22f7755c0c430eae3a76e6cbaaee3fd00233c4f2dd1739bebee0848f4,catalogued-not-substantively-read
ZhJpBook:books/red-rising-2/markdown/en.md,ZhJpBook,red-rising-2,book-markdown,books/red-rising-2/markdown/en.md,803951,145925,83bce4d69929a3005b1e0d80264efddbd1420bc190b16eccd872e315b81c8f6a,catalogued-not-substantively-read
ZhJpBook:books/red-rising-2/markdown/zh.md,ZhJpBook,red-rising-2,book-markdown,books/red-rising-2/markdown/zh.md,802523,27729,bec75317868f75e7ef7f45d06de0d47b461d767892fd917c10aa140bb0fd0eb0,catalogued-not-substantively-read
ZhJpBook:books/red-rising-3/markdown/en.md,ZhJpBook,red-rising-3,book-markdown,books/red-rising-3/markdown/en.md,969820,175700,e2530bbdade6bb93c1d1caca996ef4ace18ba8d1b6ab3c476a4747e08688b4f7,catalogued-not-substantively-read
ZhJpBook:books/red-rising-3/markdown/zh.md,ZhJpBook,red-rising-3,book-markdown,books/red-rising-3/markdown/zh.md,914530,31212,4aabece4289bba689259fad57497f39b6f1381bde212012cb48d7bb909c0126f,catalogued-not-substantively-read
ZhJpBook:books/resurrection/markdown/en.md,ZhJpBook,resurrection,book-markdown,books/resurrection/markdown/en.md,990906,175877,d59527ed438d27720e22899ee1ab52a74983770773448ac146eadf2d86914c8d,catalogued-not-substantively-read
ZhJpBook:books/return-of-the-king/markdown/en.md,ZhJpBook,return-of-the-king,book-markdown,books/return-of-the-king/markdown/en.md,977556,182103,95d7cc55568addc3f0477fe9516e34694493d8ee49c759c0f0448b10d3d118e9,catalogued-not-substantively-read
ZhJpBook:books/return-of-the-king/markdown/zh.md,ZhJpBook,return-of-the-king,book-markdown,books/return-of-the-king/markdown/zh.md,695219,22578,06a44bb98fb34c5d4ae323056723d8f924b33313c8c31927134cd42a0379af13,catalogued-not-substantively-read
ZhJpBook:books/reveries-of-the-solitary-walker/markdown/en.md,ZhJpBook,reveries-of-the-solitary-walker,book-markdown,books/reveries-of-the-solitary-walker/markdown/en.md,233730,42957,74366ac65e2748043e55ffe77bc2fa9987db37c6604dfc7d62d0cde6d9f20b08,catalogued-not-substantively-read
ZhJpBook:books/rickshaw-boy/markdown/en.md,ZhJpBook,rickshaw-boy,book-markdown,books/rickshaw-boy/markdown/en.md,532065,99096,9a7fbfdc41ed7445ccc2b33289159320893f383367028c135d47b017d2a4c107,catalogued-not-substantively-read
ZhJpBook:books/rise-fall-ancient-egypt/markdown/en.md,ZhJpBook,rise-fall-ancient-egypt,book-markdown,books/rise-fall-ancient-egypt/markdown/en.md,1026737,169042,309385ab9ea6a049947c9f2001b408661cf59a178fc04d35058e576472d9c706,catalogued-not-substantively-read
ZhJpBook:books/robinson-crusoe/markdown/en.md,ZhJpBook,robinson-crusoe,book-markdown,books/robinson-crusoe/markdown/en.md,631777,122812,1f040806712c740c106b8c449d9ae52f89f79ad5406b43c4ff8d2519a64a1554,catalogued-not-substantively-read
ZhJpBook:books/round-heads-sahara/markdown/en.md,ZhJpBook,round-heads-sahara,book-markdown,books/round-heads-sahara/markdown/en.md,345210,54651,275887e9d547a3906c4b8b468a6ebab37fe190a0d0dd8e79d6861d517e01d209,catalogued-not-substantively-read
ZhJpBook:books/rouputuan/markdown/zh.md,ZhJpBook,rouputuan,book-markdown,books/rouputuan/markdown/zh.md,284178,11519,16bc1a0ebb13d54810e709a6a062afc64b7d9f35683c44fb6c585f1436fe9ada,catalogued-not-substantively-read
ZhJpBook:books/sahara-cultural-history/markdown/en.md,ZhJpBook,sahara-cultural-history,book-markdown,books/sahara-cultural-history/markdown/en.md,505888,83197,e4958be3692b718e5df2825a06b4ec7639a998d89c6fd85039e9b757e9d146a1,catalogued-not-substantively-read
ZhJpBook:books/samurai-sourcebook/markdown/en.md,ZhJpBook,samurai-sourcebook,book-markdown,books/samurai-sourcebook/markdown/en.md,919548,152775,86f7a2779a162b85db3dc4d1b01a43f6d5d85024e497d23ee87a803599cda0b0,catalogued-not-substantively-read
ZhJpBook:books/samurai-world-warrior/markdown/en.md,ZhJpBook,samurai-world-warrior,book-markdown,books/samurai-world-warrior/markdown/en.md,305415,50802,35a7892bc14b680cf870c7c0395421f32558c1bd3bb70881acd18a006b3bb3d2,catalogued-not-substantively-read
ZhJpBook:books/sanguozhi/markdown/wenyan.md,ZhJpBook,sanguozhi,book-markdown,books/sanguozhi/markdown/wenyan.md,1163620,64809,290e078b595052b34b52d8885b4f890194da60e64fec70fdd56fcac24d4d673a,catalogued-not-substantively-read
ZhJpBook:books/sanguozhi-pei-zhu/markdown/pei-zhu.md,ZhJpBook,sanguozhi-pei-zhu,book-markdown,books/sanguozhi-pei-zhu/markdown/pei-zhu.md,962627,51869,2b8d0c9dd6cd1b5130f4e2bbf2ae7175d4aea1c00a35e6f8d770fd57e4bd666b,catalogued-not-substantively-read
ZhJpBook:books/sanshiro/markdown/ja.md,ZhJpBook,sanshiro,book-markdown,books/sanshiro/markdown/ja.md,508088,12129,48c26d02c9c0053330f2eb2e70e5ef077198ec63caecb73ce0ecffcd68283050,catalogued-not-substantively-read
ZhJpBook:books/sanxingdui/markdown/huaxia-shendu.ocr.md,ZhJpBook,sanxingdui,book-markdown,books/sanxingdui/markdown/huaxia-shendu.ocr.md,771269,45545,e78c497ecf36f0c82c7f4e0b4b975a9a7791784e88956b8ed80d780475152cff,catalogued-not-substantively-read
ZhJpBook:books/sanxingdui/markdown/huaxia-shendu.polished.md,ZhJpBook,sanxingdui,book-markdown,books/sanxingdui/markdown/huaxia-shendu.polished.md,749147,30692,065538ff2287d1d00ce4b3dcb6216c4dc6c5e00ec848fc9a2c4a45acb478712e,catalogued-not-substantively-read
ZhJpBook:books/sanxingdui/markdown/jisikeng.ocr.md,ZhJpBook,sanxingdui,book-markdown,books/sanxingdui/markdown/jisikeng.ocr.md,631228,75702,b6694818bfd0fda871130e95b14d757439bb75927d607510706b4d22c2aa3a73,catalogued-not-substantively-read
ZhJpBook:books/sanxingdui/markdown/jisikeng.polished.md,ZhJpBook,sanxingdui,book-markdown,books/sanxingdui/markdown/jisikeng.polished.md,642857,53439,21763ff874c21742e3f787847b0b524024648e155f70a0c96d5fe6e9e1ab4e99,catalogued-not-substantively-read
ZhJpBook:books/sanxingdui/markdown/renjian-tianguo.ocr.md,ZhJpBook,sanxingdui,book-markdown,books/sanxingdui/markdown/renjian-tianguo.ocr.md,413568,22509,3ad3c90213c6683db467434674ede80b55706cccdcff17ab2953ed1c050c2642,catalogued-not-substantively-read
ZhJpBook:books/sanxingdui/markdown/renjian-tianguo.polished.md,ZhJpBook,sanxingdui,book-markdown,books/sanxingdui/markdown/renjian-tianguo.polished.md,393956,13435,a7670285693a49c5924e95566d5d1ddfff7ab6c78fe9b338013ecfc612fa7752,catalogued-not-substantively-read
ZhJpBook:books/sanxingdui/markdown/shenqi-gushu.ocr.md,ZhJpBook,sanxingdui,book-markdown,books/sanxingdui/markdown/shenqi-gushu.ocr.md,62263,6823,52218ad25bd0cb83a423d7e8979a6a468bc0d3cf00114e1bc4b618b2ac007184,catalogued-not-substantively-read
ZhJpBook:books/sanxingdui/markdown/shenqi-gushu.polished.md,ZhJpBook,sanxingdui,book-markdown,books/sanxingdui/markdown/shenqi-gushu.polished.md,55967,3177,9537b5ce9256904a454caf54a0e82d450c7264cac1b5bf7560ce97f29bc2a78b,catalogued-not-substantively-read
ZhJpBook:books/sanxingdui/markdown/shenqi-gushu.reviewed.md,ZhJpBook,sanxingdui,book-markdown,books/sanxingdui/markdown/shenqi-gushu.reviewed.md,54655,3202,20c93ab078e2ca7d5cd9a8849184d732846197702657a26088465a3d0f8afe23,catalogued-not-substantively-read
ZhJpBook:books/sanxingdui/markdown/wenwu-quanjilu.ocr.md,ZhJpBook,sanxingdui,book-markdown,books/sanxingdui/markdown/wenwu-quanjilu.ocr.md,332899,33386,cd8d6cc6c5423307dc1d3af986ed451337c4bc30ae42bb4e2f4c57508ac44a04,catalogued-not-substantively-read
ZhJpBook:books/sanxingdui/markdown/wenwu-quanjilu.polished.md,ZhJpBook,sanxingdui,book-markdown,books/sanxingdui/markdown/wenwu-quanjilu.polished.md,284593,19140,fee52e3988bafccb97a4ae86d99da087cfb2367e67043756263a03ead43a9c08,catalogued-not-substantively-read
ZhJpBook:books/secrets-question-based-selling/markdown/en.md,ZhJpBook,secrets-question-based-selling,book-markdown,books/secrets-question-based-selling/markdown/en.md,703185,116877,a8b05151d35272145db77113ecd34ecc03c15c8750e94db4f5e637a4bd537b74,catalogued-not-substantively-read
ZhJpBook:books/sentimental-education/markdown/en.md,ZhJpBook,sentimental-education,book-markdown,books/sentimental-education/markdown/en.md,992771,173322,975e6f0232d1e8b09a6bd4bd6af65407314b25d611437a7ba8826cc1711351b2,catalogued-not-substantively-read
ZhJpBook:books/seven-habits-effective-people/markdown/en.md,ZhJpBook,seven-habits-effective-people,book-markdown,books/seven-habits-effective-people/markdown/en.md,387661,66049,2ad3b85e9a24c2baa50be334bafef32c8ebe17e106e7601775213f78a8e55534,catalogued-not-substantively-read
ZhJpBook:books/shanhaijing/markdown/wenyan.md,ZhJpBook,shanhaijing,book-markdown,books/shanhaijing/markdown/wenyan.md,126431,7461,4dac6456661ed9a8525658ef2a6f552f2baab21be354d825b1f47a50f479db3e,catalogued-not-substantively-read
ZhJpBook:books/shelley-selected-poems/markdown/en.md,ZhJpBook,shelley-selected-poems,book-markdown,books/shelley-selected-poems/markdown/en.md,2576208,446181,313934753b0ffca9ecf3a6be8c9d64387648e8db44ca035cef843e4b1ce68633,catalogued-not-substantively-read
ZhJpBook:books/shelley-selected-poems/markdown/zh.md,ZhJpBook,shelley-selected-poems,book-markdown,books/shelley-selected-poems/markdown/zh.md,51768,2361,4917a88199cb8e2913743736480c69a1cbb9f00d613376702b62db1242ecb835,catalogued-not-substantively-read
ZhJpBook:books/shelley-selected-poems-gpt55-low/markdown/en.md,ZhJpBook,shelley-selected-poems-gpt55-low,book-markdown,books/shelley-selected-poems-gpt55-low/markdown/en.md,2576208,446181,313934753b0ffca9ecf3a6be8c9d64387648e8db44ca035cef843e4b1ce68633,catalogued-not-substantively-read
ZhJpBook:books/shelley-selected-poems-gpt55-low/markdown/zh.md,ZhJpBook,shelley-selected-poems-gpt55-low,book-markdown,books/shelley-selected-poems-gpt55-low/markdown/zh.md,51768,2361,4917a88199cb8e2913743736480c69a1cbb9f00d613376702b62db1242ecb835,catalogued-not-substantively-read
ZhJpBook:books/shiji/markdown/ja.md,ZhJpBook,shiji,book-markdown,books/shiji/markdown/ja.md,1918549,103834,aeb5bce2ac8b705bf8b4281469d4830afde8c7d5624278c651277c4e55dc8e43,catalogued-not-substantively-read
ZhJpBook:books/shiji/markdown/zh.md,ZhJpBook,shiji,book-markdown,books/shiji/markdown/zh.md,1856562,100957,0ac25597272a33659cd1db23ba53493b5bd726fb7058b0d76d6a9992e6b2f9c6,catalogued-not-substantively-read
ZhJpBook:books/shijing/markdown/wenyan.md,ZhJpBook,shijing,book-markdown,books/shijing/markdown/wenyan.md,101561,5019,f30dafc22db0062217d347cad8f8df1a6fb97ed8a8876c400b32d0e97c7b04f7,catalogued-not-substantively-read
ZhJpBook:books/shishuo-xinyu/markdown/wenyan.md,ZhJpBook,shishuo-xinyu,book-markdown,books/shishuo-xinyu/markdown/wenyan.md,241423,13871,4dc9b756ddd83663260a2a4a785bb7b7ef4a108e59efa126d958afb886ab4c17,catalogued-not-substantively-read
ZhJpBook:books/shui-jing-zhu/markdown/wenyan.md,ZhJpBook,shui-jing-zhu,book-markdown,books/shui-jing-zhu/markdown/wenyan.md,29054,1340,c28e9f14640202f29548f5e435fc8f44ae474adcdef2f60cb3a239d539b75975,catalogued-not-substantively-read
ZhJpBook:books/sichuan-folk-stories-vol1/markdown/zh.md,ZhJpBook,sichuan-folk-stories-vol1,book-markdown,books/sichuan-folk-stories-vol1/markdown/zh.md,1744775,78703,afaaf1f8f4cfca75acd879407be94bc30c1c5711054f28e1347ea50fbb27fedf,catalogued-not-substantively-read
ZhJpBook:books/sichuan-folk-stories-vol1/markdown/zh.raw.md,ZhJpBook,sichuan-folk-stories-vol1,book-markdown,books/sichuan-folk-stories-vol1/markdown/zh.raw.md,1785986,90205,dec8e2e9ca67f8338fbd0653eb386f50767b2f81ac0bd65b6b905d0146cc3f35,catalogued-not-substantively-read
ZhJpBook:books/siddhartha/markdown/en.md,ZhJpBook,siddhartha,book-markdown,books/siddhartha/markdown/en.md,217895,39633,da91c90e6599eb833d3f04c5461101e58310c1868ddfd0b5a74c95394bc7df36,catalogued-not-substantively-read
ZhJpBook:books/silence/markdown/en.clean.md,ZhJpBook,silence,book-markdown,books/silence/markdown/en.clean.md,400563,72376,0c1985c9ef3007f7dd214de7cccd2a4c1e677d4085376a8ed670cd51fead38d9,catalogued-not-substantively-read
ZhJpBook:books/silence/markdown/en.md,ZhJpBook,silence,book-markdown,books/silence/markdown/en.md,400563,72376,0c1985c9ef3007f7dd214de7cccd2a4c1e677d4085376a8ed670cd51fead38d9,catalogued-not-substantively-read
ZhJpBook:books/silence/markdown/en.raw.md,ZhJpBook,silence,book-markdown,books/silence/markdown/en.raw.md,439989,78973,2cf8005ad712d940c00f0d78c26ef9288c83dedac40cd125431efacaf9b044ee,catalogued-not-substantively-read
ZhJpBook:books/silk-roads/markdown/en.md,ZhJpBook,silk-roads,book-markdown,books/silk-roads/markdown/en.md,1273461,211739,c900c26562ef0749d0fc78fee99f7ae745581320a0fd5eb65bf6d64f7f8bbb40,catalogued-not-substantively-read
ZhJpBook:books/silk-roads/markdown/zh.md,ZhJpBook,silk-roads,book-markdown,books/silk-roads/markdown/zh.md,1075987,30410,ae8be66e7a03b0da8d9709d20e50372394e5251b609dc38338f7ee93833953bc,catalogued-not-substantively-read
ZhJpBook:books/silk-roads-gpt55-low/markdown/en.md,ZhJpBook,silk-roads-gpt55-low,book-markdown,books/silk-roads-gpt55-low/markdown/en.md,1273461,211739,c900c26562ef0749d0fc78fee99f7ae745581320a0fd5eb65bf6d64f7f8bbb40,catalogued-not-substantively-read
ZhJpBook:books/silk-roads-gpt55-low/markdown/zh.md,ZhJpBook,silk-roads-gpt55-low,book-markdown,books/silk-roads-gpt55-low/markdown/zh.md,1075987,30410,ae8be66e7a03b0da8d9709d20e50372394e5251b609dc38338f7ee93833953bc,catalogued-not-substantively-read
ZhJpBook:books/simafa/markdown/wenyan.md,ZhJpBook,simafa,book-markdown,books/simafa/markdown/wenyan.md,13083,867,07ad843129bd2d1d18ab22d67a259e9c1338dd2340659a05d1841713fdb5691c,catalogued-not-substantively-read
ZhJpBook:books/simple-path-to-wealth/markdown/en.md,ZhJpBook,simple-path-to-wealth,book-markdown,books/simple-path-to-wealth/markdown/en.md,314868,56865,bb4427000af6b94fa1a4671eddee6f42e0b77bc7c484c51b43921b1bdae201e1,catalogued-not-substantively-read
ZhJpBook:books/simple-path-to-wealth-complete-structure-repair/markdown/en.md,ZhJpBook,simple-path-to-wealth-complete-structure-repair,book-markdown,books/simple-path-to-wealth-complete-structure-repair/markdown/en.md,320864,57857,d6c970e5da79b5fe1000c4e4a05c6085c78d6db6057989b536a58240f1e9a078,catalogued-not-substantively-read
ZhJpBook:books/sishu-jizhu/markdown/zh.md,ZhJpBook,sishu-jizhu,book-markdown,books/sishu-jizhu/markdown/zh.md,792256,44667,902fd7de6fd94b7b6470c3b24ad1e74c7d4ed1530715997cf2895f57004e6622,catalogued-not-substantively-read
ZhJpBook:books/sishu-jizhu-aginti/markdown/zh.md,ZhJpBook,sishu-jizhu-aginti,book-markdown,books/sishu-jizhu-aginti/markdown/zh.md,792256,44667,902fd7de6fd94b7b6470c3b24ad1e74c7d4ed1530715997cf2895f57004e6622,catalogued-not-substantively-read
ZhJpBook:books/snow-country/markdown/ja.clean.md,ZhJpBook,snow-country,book-markdown,books/snow-country/markdown/ja.clean.md,234926,5575,38dffaf48b819297f02a7c56ac5aa334b1611706d9e643b4ea3420cc903ba60e,catalogued-not-substantively-read
ZhJpBook:books/snow-country/markdown/ja.md,ZhJpBook,snow-country,book-markdown,books/snow-country/markdown/ja.md,229958,5398,ba773f5d2e6698826cd7083b6fe9b6374091e9c4e252be978c146cdc0a6a264f,catalogued-not-substantively-read
ZhJpBook:books/snow-country/markdown/ja.raw.md,ZhJpBook,snow-country,book-markdown,books/snow-country/markdown/ja.raw.md,397851,30692,c7d42dd96ea6c65423b5a54534aa3b72a3a55cf1b4ee71e84adf262fee8cd53b,catalogued-not-substantively-read
ZhJpBook:books/snow-country/markdown/zh.clean.md,ZhJpBook,snow-country,book-markdown,books/snow-country/markdown/zh.clean.md,186406,6466,72d8ab38a542f45fa2ffe2b2581a6dce694333f390c335ba85fe902a2ff35b42,catalogued-not-substantively-read
ZhJpBook:books/snow-country/markdown/zh.md,ZhJpBook,snow-country,book-markdown,books/snow-country/markdown/zh.md,181207,6229,d54c28712c517f212e4f26c5c2612382a838f53135a3a0bf77f4cc9e8594aa30,catalogued-not-substantively-read
ZhJpBook:books/snow-country/markdown/zh.raw.md,ZhJpBook,snow-country,book-markdown,books/snow-country/markdown/zh.raw.md,204396,7269,49497dd7e96e8297def1ee5e1ed70aabf31acc57588018b0382d396d50c28d32,catalogued-not-substantively-read
ZhJpBook:books/sound-and-fury/markdown/en.md,ZhJpBook,sound-and-fury,book-markdown,books/sound-and-fury/markdown/en.md,520236,98961,522ed83bedc51240f48ccdaf4b37e1b0da360ed170a91b35169a8d7b0ebb56d4,catalogued-not-substantively-read
ZhJpBook:books/spin-selling/markdown/en.md,ZhJpBook,spin-selling,book-markdown,books/spin-selling/markdown/en.md,352633,59944,be29c3e9d7b5768349b03c924fb6675e82538424f60f3dee5d0166daf539bd54,catalogued-not-substantively-read
ZhJpBook:books/spin-selling-complete-structure-repair/markdown/en.md,ZhJpBook,spin-selling-complete-structure-repair,book-markdown,books/spin-selling-complete-structure-repair/markdown/en.md,357274,60521,a3b381c6932424d088a3eb3d74554b893e67337b0448cea5409ac284753cfad4,catalogued-not-substantively-read
ZhJpBook:books/spring-snow/markdown/en.md,ZhJpBook,spring-snow,book-markdown,books/spring-snow/markdown/en.md,761720,136100,fed8629fe419631dd1348061253f7a662c03b7f22ad280b68587f02cd9d4b895,catalogued-not-substantively-read
ZhJpBook:books/spring-snow/markdown/zh.md,ZhJpBook,spring-snow,book-markdown,books/spring-snow/markdown/zh.md,539862,16897,09895c0cea88d992f2c364e173f7ab34d160a69e8c7dc2dc87fa4c56fc2e7a1a,catalogued-not-substantively-read
ZhJpBook:books/steppenwolf/markdown/en.md,ZhJpBook,steppenwolf,book-markdown,books/steppenwolf/markdown/en.md,401632,74727,850bdcd7a31cfa93257fe4b2d0d2d5791ebafe0f664bbc6cbd641bcf776e66e4,catalogued-not-substantively-read
ZhJpBook:books/sun-also-rises/markdown/en.md,ZhJpBook,sun-also-rises,book-markdown,books/sun-also-rises/markdown/en.md,376312,69762,d9b5a5a7aaea566244b2e0ccc00406ffab401156c923713688c3632d2d698558,catalogued-not-substantively-read
ZhJpBook:books/sunbin-bingfa/markdown/wenyan.md,ZhJpBook,sunbin-bingfa,book-markdown,books/sunbin-bingfa/markdown/wenyan.md,43427,3390,d827c4a038316bbdf3a28382fc24415fe2e60b9600ddc8ed72264dec343f965a,catalogued-not-substantively-read
ZhJpBook:books/sunu-jing/markdown/wenyan.md,ZhJpBook,sunu-jing,book-markdown,books/sunu-jing/markdown/wenyan.md,15890,964,4a62ca3bf889c8ab538b12ac7506d78537dc8f384a198349e0a562f70253067a,catalogued-not-substantively-read
ZhJpBook:books/sunzi-bingfa/markdown/wenyan.md,ZhJpBook,sunzi-bingfa,book-markdown,books/sunzi-bingfa/markdown/wenyan.md,22731,1356,f0cc284f2c6ca424fca05d4cfc3b6b21dd340344f750a1bc2a01c449ddf8aca6,catalogued-not-substantively-read
ZhJpBook:books/swanns-way/markdown/en.md,ZhJpBook,swanns-way,book-markdown,books/swanns-way/markdown/en.md,1088988,196386,4e9a92a5dc502796dae4578bef162e35fb3b685020ff315fc70dd65fd839d7bc,catalogued-not-substantively-read
ZhJpBook:books/tagore-gitanjali/markdown/en.md,ZhJpBook,tagore-gitanjali,book-markdown,books/tagore-gitanjali/markdown/en.md,63937,12324,84af09d877b8d85f3f50f5b8ebc3aea5384a35741b7f40830023d81e63bfda00,catalogued-not-substantively-read
ZhJpBook:books/tagore-gitanjali/markdown/ja.md,ZhJpBook,tagore-gitanjali,book-markdown,books/tagore-gitanjali/markdown/ja.md,63168,1484,01934bb5da1ad7a110cb6e718b266ca73ca10914d9e0252642efab747ffe961b,catalogued-not-substantively-read
ZhJpBook:books/tagore-gitanjali/markdown/zh.md,ZhJpBook,tagore-gitanjali,book-markdown,books/tagore-gitanjali/markdown/zh.md,12556,876,4ad38ca22e9c2c66de64ab0ec422d4a72db396fabdcf9281da5dc7b7c4429f16,catalogued-not-substantively-read
ZhJpBook:books/tagore-stray-birds/markdown/en.md,ZhJpBook,tagore-stray-birds,book-markdown,books/tagore-stray-birds/markdown/en.md,14762,2779,c125a76c00bca8ea3d1fff48093c02b77b1f611c02321397f79f823d924c8feb,catalogued-not-substantively-read
ZhJpBook:books/tagore-stray-birds/markdown/ja.md,ZhJpBook,tagore-stray-birds,book-markdown,books/tagore-stray-birds/markdown/ja.md,63150,1484,769520022988beacc032e1a0e3279ab8e66a1c761219204edfeac530ee697465,catalogued-not-substantively-read
ZhJpBook:books/tagore-stray-birds/markdown/zh.md,ZhJpBook,tagore-stray-birds,book-markdown,books/tagore-stray-birds/markdown/zh.md,5857,366,5ff7e3eade21e1f6a4393fe8b409a487908ced1addf66dd90a8ad01ab3d40491,catalogued-not-substantively-read
ZhJpBook:books/taiko-yoshikawa/markdown/en.md,ZhJpBook,taiko-yoshikawa,book-markdown,books/taiko-yoshikawa/markdown/en.md,2599661,458171,98e6b9b3fe3097a870a308c7b885f542a871784954acd457d30d7b4405927f9a,catalogued-not-substantively-read
ZhJpBook:books/tale-of-two-cities/markdown/en.md,ZhJpBook,tale-of-two-cities,book-markdown,books/tale-of-two-cities/markdown/en.md,773097,138418,ffab386befeca87166f00f38c0408b50c13d9bca19d2d8f2c68264ceb5864612,catalogued-not-substantively-read
ZhJpBook:books/tangshi-sanbai/markdown/wenyan.md,ZhJpBook,tangshi-sanbai,book-markdown,books/tangshi-sanbai/markdown/wenyan.md,120426,4456,9d5a270c96cae2b1379d1b72f59ed0bf6e077ce03ae38013b4da32dea489db39,catalogued-not-substantively-read
ZhJpBook:books/the-count-of-monte-cristo/markdown/en.md,ZhJpBook,the-count-of-monte-cristo,book-markdown,books/the-count-of-monte-cristo/markdown/en.md,2586492,458156,06fa6187fd6a5b11173126f42b9b65c8ce9d32bf3e3d0f9b353c942077f7bb70,catalogued-not-substantively-read
ZhJpBook:books/the-count-of-monte-cristo/markdown/zh.md,ZhJpBook,the-count-of-monte-cristo,book-markdown,books/the-count-of-monte-cristo/markdown/zh.md,2667720,92743,dece64188ddf4d29e9af24620ae0856f84af6ca88058fdb6ffe9cebe4d7be294,catalogued-not-substantively-read
ZhJpBook:books/the-count-of-monte-cristo/markdown/zh.ocr-polished.md,ZhJpBook,the-count-of-monte-cristo,book-markdown,books/the-count-of-monte-cristo/markdown/zh.ocr-polished.md,2593049,111458,cd9de4c0f851b3e3b6ac9425219e3138b9234f60f775e03b82951f5cdcb20d16,catalogued-not-substantively-read
ZhJpBook:books/the-little-prince/markdown/en.md,ZhJpBook,the-little-prince,book-markdown,books/the-little-prince/markdown/en.md,95787,17288,89967c726c962297e9bd606bcab617db9416deb1849c0efb232095a7cec56ca7,catalogued-not-substantively-read
ZhJpBook:books/the-martian/markdown/en.md,ZhJpBook,the-martian,book-markdown,books/the-martian/markdown/en.md,598039,108594,cc3f3594b38e0ad7cf92b78fd0c047d0cc97785c40a52d4b3b8c5be596445959,catalogued-not-substantively-read
ZhJpBook:books/the-martian/markdown/zh.md,ZhJpBook,the-martian,book-markdown,books/the-martian/markdown/zh.md,600008,21134,9bfe8aae488837c54b46c6c8501dac4319b04d5e1dd7a7a5476d99b3746d0392,catalogued-not-substantively-read
ZhJpBook:books/the-necklace-maupassant/markdown/en.md,ZhJpBook,the-necklace-maupassant,book-markdown,books/the-necklace-maupassant/markdown/en.md,16077,2851,37268ed5098bd80c6209749b24d902ee6c2deb818f09fa282be72a43de575a5b,catalogued-not-substantively-read
ZhJpBook:books/the-old-capital/markdown/zh.clean.md,ZhJpBook,the-old-capital,book-markdown,books/the-old-capital/markdown/zh.clean.md,437178,15188,51a0f71e5a254b2f120ad41b855c0a2520690d38eeb4b4377727bd32c1ec17f4,catalogued-not-substantively-read
ZhJpBook:books/the-old-capital/markdown/zh.md,ZhJpBook,the-old-capital,book-markdown,books/the-old-capital/markdown/zh.md,437178,15188,51a0f71e5a254b2f120ad41b855c0a2520690d38eeb4b4377727bd32c1ec17f4,catalogued-not-substantively-read
ZhJpBook:books/the-old-capital/markdown/zh.raw.md,ZhJpBook,the-old-capital,book-markdown,books/the-old-capital/markdown/zh.raw.md,448229,16671,d807375de8fafa5ea3514b2b0781a21b8ccc73fc40d59e0778bda8ca7aeedf12,catalogued-not-substantively-read
ZhJpBook:books/the-overcoat-gogol/markdown/en.md,ZhJpBook,the-overcoat-gogol,book-markdown,books/the-overcoat-gogol/markdown/en.md,62754,11063,5a88de7592c1edf8871087d02517ce6e23886e9688933eb4f43b37784ec5c979,catalogued-not-substantively-read
ZhJpBook:books/the-sirens-of-mars/markdown/en.md,ZhJpBook,the-sirens-of-mars,book-markdown,books/the-sirens-of-mars/markdown/en.md,386844,66340,f1fce6b8a7a691fdf2e2ba68cf43fb6a0e308b11ba3141a69c7b8a6320f014d0,catalogued-not-substantively-read
ZhJpBook:books/the-stranger/markdown/en.md,ZhJpBook,the-stranger,book-markdown,books/the-stranger/markdown/en.md,194512,36835,0d96275ea41332e4796524607013dd3bcebab5ed5f7287112295053bf077f21b,catalogued-not-substantively-read
ZhJpBook:books/the-trial-kafka/markdown/en.md,ZhJpBook,the-trial-kafka,book-markdown,books/the-trial-kafka/markdown/en.md,470978,85907,2d5f1914595374a6dbd6e8a1ed1127f99cacee51ca8877bab65cd6feb6b98d10,catalogued-not-substantively-read
ZhJpBook:books/the-two-towers/markdown/en.md,ZhJpBook,the-two-towers,book-markdown,books/the-two-towers/markdown/en.md,835055,155436,b914278c4ac340cd53503ff7540b6df7ba2dcc0e512998ee9a69452c85f5f16c,catalogued-not-substantively-read
ZhJpBook:books/the-two-towers/markdown/zh.md,ZhJpBook,the-two-towers,book-markdown,books/the-two-towers/markdown/zh.md,838857,27020,f1656872b25ad23d444ab810f049aceaaeb826e3accf5cd03e1bb4d64012070d,catalogued-not-substantively-read
ZhJpBook:books/thousand-cranes/markdown/en.md,ZhJpBook,thousand-cranes,book-markdown,books/thousand-cranes/markdown/en.md,157392,28906,fa1f7779fd46101a3dff5d6288cc2482cfb0ca11e0c8ae9c84fcd7ccc0e726d9,catalogued-not-substantively-read
ZhJpBook:books/three-musketeers/markdown/en.md,ZhJpBook,three-musketeers,book-markdown,books/three-musketeers/markdown/en.md,1330618,233547,d41c7f89471061189b3678f8fca8c31883dcd667341213d0df47aab97c089a92,catalogued-not-substantively-read
ZhJpBook:books/tokugawa-ieyasu-totman/markdown/en.md,ZhJpBook,tokugawa-ieyasu-totman,book-markdown,books/tokugawa-ieyasu-totman/markdown/en.md,434232,71970,1253e7196748d47ea5e4c494423719a58036846e7f3eb4d6b411470907547675,catalogued-not-substantively-read
ZhJpBook:books/tokugawa-ieyasu-yamaoka/markdown/zh.md,ZhJpBook,tokugawa-ieyasu-yamaoka,book-markdown,books/tokugawa-ieyasu-yamaoka/markdown/zh.md,6296053,233545,51bd3381ad70441f5b0b191642c5049db9835e3c8cb105cbf69e3b92ce8d4a1c,catalogued-not-substantively-read
ZhJpBook:books/tom-kolb-music-theory-guitarists/markdown/en.md,ZhJpBook,tom-kolb-music-theory-guitarists,book-markdown,books/tom-kolb-music-theory-guitarists/markdown/en.md,138831,24527,dee04dcea0f730e95e0ef26cf4d33459a2635b04b5cd29c0a6648b70d9cc27f5,catalogued-not-substantively-read
ZhJpBook:books/totto-chan/markdown/ja.md,ZhJpBook,totto-chan,book-markdown,books/totto-chan/markdown/ja.md,346962,13961,5d762541ccc683a8aa818082aedb23c32e787595f44b9f586f32ef1f1de835fa,catalogued-not-substantively-read
ZhJpBook:books/trading-in-the-zone/markdown/en.md,ZhJpBook,trading-in-the-zone,book-markdown,books/trading-in-the-zone/markdown/en.md,422363,72936,c80cb5e22ee14b045394cc672090ac0ae5999be198a259c07dbba131de5e5bcc,catalogued-not-substantively-read
ZhJpBook:books/trading-in-the-zone-complete-structure-repair/markdown/en.md,ZhJpBook,trading-in-the-zone-complete-structure-repair,book-markdown,books/trading-in-the-zone-complete-structure-repair/markdown/en.md,424604,73344,c1627642cab9c700894c9b068722be5f2a26b082230190d3dbd3a5e9ee8e160a,catalogued-not-substantively-read
ZhJpBook:books/tsangyang-gyatso-poems/markdown/en.md,ZhJpBook,tsangyang-gyatso-poems,book-markdown,books/tsangyang-gyatso-poems/markdown/en.md,940,129,a7b61044b899e7ce8de62b666df0f09f5128a01cd0abe7cbc3046a5e23562254,catalogued-not-substantively-read
ZhJpBook:books/tsangyang-gyatso-poems/markdown/ja.md,ZhJpBook,tsangyang-gyatso-poems,book-markdown,books/tsangyang-gyatso-poems/markdown/ja.md,1362,141,494c89b74783a49b8af0be8af9d1cc190ad1a4358b45bdfd4afb1e52fba2ddd5,catalogued-not-substantively-read
ZhJpBook:books/tsangyang-gyatso-poems/markdown/zh.md,ZhJpBook,tsangyang-gyatso-poems,book-markdown,books/tsangyang-gyatso-poems/markdown/zh.md,36709,1200,3eedfa391bc74f209f973d0f216397a508a798cd279b757e7b2268d5037c93c1,catalogued-not-substantively-read
ZhJpBook:books/tsangyang-gyatso-poems-spark/markdown/en.md,ZhJpBook,tsangyang-gyatso-poems-spark,book-markdown,books/tsangyang-gyatso-poems-spark/markdown/en.md,940,129,a7b61044b899e7ce8de62b666df0f09f5128a01cd0abe7cbc3046a5e23562254,catalogued-not-substantively-read
ZhJpBook:books/tsangyang-gyatso-poems-spark/markdown/ja.md,ZhJpBook,tsangyang-gyatso-poems-spark,book-markdown,books/tsangyang-gyatso-poems-spark/markdown/ja.md,1362,141,494c89b74783a49b8af0be8af9d1cc190ad1a4358b45bdfd4afb1e52fba2ddd5,catalogued-not-substantively-read
ZhJpBook:books/tsangyang-gyatso-poems-spark/markdown/zh.md,ZhJpBook,tsangyang-gyatso-poems-spark,book-markdown,books/tsangyang-gyatso-poems-spark/markdown/zh.md,36709,1200,3eedfa391bc74f209f973d0f216397a508a798cd279b757e7b2268d5037c93c1,catalogued-not-substantively-read
ZhJpBook:books/turn-the-ship-around/markdown/en.md,ZhJpBook,turn-the-ship-around,book-markdown,books/turn-the-ship-around/markdown/en.md,364152,61833,9f9340520082c74ce7ec5809b4aff45f96f9f57f97ad4e2d3dfdf88a75110cb2,catalogued-not-substantively-read
ZhJpBook:books/une-vie-maupassant/markdown/en.md,ZhJpBook,une-vie-maupassant,book-markdown,books/une-vie-maupassant/markdown/en.md,426009,78108,219d5bcf31548b4968373f54edb68c84b95a1bdcfdc53ab628c8517aded2d189,catalogued-not-substantively-read
ZhJpBook:books/universe-in-a-nutshell/markdown/en.md,ZhJpBook,universe-in-a-nutshell,book-markdown,books/universe-in-a-nutshell/markdown/en.md,206585,40420,c55293331c4b78a60bde073705091b2a633e786e58c775ef321e91240dd3129a,catalogued-not-substantively-read
ZhJpBook:books/until-end-of-time/markdown/en.md,ZhJpBook,until-end-of-time,book-markdown,books/until-end-of-time/markdown/en.md,745071,120595,11834e96b6c6ebfae4a9131a2706b2db2c5bec9b2dd5d5b63aad6946fa50aa58,catalogued-not-substantively-read
ZhJpBook:books/vimalakirti-sutra/markdown/wenyan.md,ZhJpBook,vimalakirti-sutra,book-markdown,books/vimalakirti-sutra/markdown/wenyan.md,88740,3420,96986c6529b854194a78ab66765035ec64e57c1c74fc03a89779fbcc27ec501b,catalogued-not-substantively-read
ZhJpBook:books/walden/markdown/en.md,ZhJpBook,walden,book-markdown,books/walden/markdown/en.md,582960,107122,c6ff0fa73160995266d4bec8242045fd40b2421c48654ce336edeb42472fe8d4,catalogued-not-substantively-read
ZhJpBook:books/walking/markdown/en.md,ZhJpBook,walking,book-markdown,books/walking/markdown/en.md,67423,12246,cf1050da7c2c9bf5f2ddd5c71c70eeede6edda0201240ffe21b9071d36324192,catalogued-not-substantively-read
ZhJpBook:books/war-and-peace/markdown/en.md,ZhJpBook,war-and-peace,book-markdown,books/war-and-peace/markdown/en.md,3253448,569941,eafa7320e59acb0e792ce908e0179b59a713ce7a242309c827aca7eb6f622685,catalogued-not-substantively-read
ZhJpBook:books/war-in-japan-1467-1615/markdown/en.md,ZhJpBook,war-in-japan-1467-1615,book-markdown,books/war-in-japan-1467-1615/markdown/en.md,180814,29951,8b45a3a907802bbd36389690063731842e48484ddd18645dae65eccb7c20c2c0,catalogued-not-substantively-read
ZhJpBook:books/ward-no-6-chekhov/markdown/en.md,ZhJpBook,ward-no-6-chekhov,book-markdown,books/ward-no-6-chekhov/markdown/en.md,122388,21639,63b46ced70a6b3de8a3d85488ddae7f370f74c915f59d9201c285fe1e3d4a1a3,catalogued-not-substantively-read
ZhJpBook:books/weiliaozi/markdown/wenyan.md,ZhJpBook,weiliaozi,book-markdown,books/weiliaozi/markdown/wenyan.md,17520,988,2351376d37001324082a21fce804d17cc3cbf85e572207e348028cc821cbc5db,catalogued-not-substantively-read
ZhJpBook:books/wilde-poetry/markdown/en.md,ZhJpBook,wilde-poetry,book-markdown,books/wilde-poetry/markdown/en.md,167564,30393,42eda75d5dddcf25764a73456ace97b699b3b34885b7c9d1450a688b6c891b6b,catalogued-not-substantively-read
ZhJpBook:books/wilde-poetry/markdown/zh.md,ZhJpBook,wilde-poetry,book-markdown,books/wilde-poetry/markdown/zh.md,49571,1734,a0f533ba2470fada640955e1195b44d394937b6f1d5979b1862835f98f75a5de,catalogued-not-substantively-read
ZhJpBook:books/wilde-poetry-spark/markdown/en.md,ZhJpBook,wilde-poetry-spark,book-markdown,books/wilde-poetry-spark/markdown/en.md,165424,30037,41ad055c20827de005f6230bb20d5dc1e8b65845c57f7ca361d3333eba857ced,catalogued-not-substantively-read
ZhJpBook:books/wilde-poetry-spark/markdown/zh.md,ZhJpBook,wilde-poetry-spark,book-markdown,books/wilde-poetry-spark/markdown/zh.md,49571,1734,a0f533ba2470fada640955e1195b44d394937b6f1d5979b1862835f98f75a5de,catalogued-not-substantively-read
ZhJpBook:books/within-a-budding-grove/markdown/en.md,ZhJpBook,within-a-budding-grove,book-markdown,books/within-a-budding-grove/markdown/en.md,1304071,236230,a5147eebdefa103aea7a92c880ecfefbeabfb6f1a7e18cc29a66cf8407797b80,catalogued-not-substantively-read
ZhJpBook:books/woman-in-the-dunes/markdown/zh.clean.md,ZhJpBook,woman-in-the-dunes,book-markdown,books/woman-in-the-dunes/markdown/zh.clean.md,290979,10652,d4e448272465ec27547c95a3075b988bdeb9e6260e21053d5ef38c28d636507d,catalogued-not-substantively-read
ZhJpBook:books/woman-in-the-dunes/markdown/zh.md,ZhJpBook,woman-in-the-dunes,book-markdown,books/woman-in-the-dunes/markdown/zh.md,290979,10652,d4e448272465ec27547c95a3075b988bdeb9e6260e21053d5ef38c28d636507d,catalogued-not-substantively-read
ZhJpBook:books/woman-in-the-dunes/markdown/zh.raw.md,ZhJpBook,woman-in-the-dunes,book-markdown,books/woman-in-the-dunes/markdown/zh.raw.md,296672,11297,a6aae1c1617f4ff4437a085021e1fab9225506cbeca47671b48afd7de985bce4,catalogued-not-substantively-read
ZhJpBook:books/wuthering-heights/markdown/en.md,ZhJpBook,wuthering-heights,book-markdown,books/wuthering-heights/markdown/en.md,716339,128536,014e5e81305676ba1f48c0ffc13a01a1cfc4c9f460744eecf36808f776cf1ec9,catalogued-not-substantively-read
ZhJpBook:books/wuthering-heights/markdown/jp.md,ZhJpBook,wuthering-heights,book-markdown,books/wuthering-heights/markdown/jp.md,496881,11222,c996ee625b31c8219fcb5f54e0565979a87c3700e6c9c7a6c9cc092ad5cf5495,catalogued-not-substantively-read
ZhJpBook:books/wuthering-heights/markdown/zh.md,ZhJpBook,wuthering-heights,book-markdown,books/wuthering-heights/markdown/zh.md,740902,75521,49b4b04563f20c0339ff9ba02b2657c872250fb0fe182e362f257d754c2e4900,catalogued-not-substantively-read
ZhJpBook:books/wuthering-heights/markdown/zh.ocr-polished.md,ZhJpBook,wuthering-heights,book-markdown,books/wuthering-heights/markdown/zh.ocr-polished.md,710365,29329,76b2516aab956814dfc6280d7ecd7519e38f7d5be2abedc281ac92ce7c1408ae,catalogued-not-substantively-read
ZhJpBook:books/wuzi/markdown/wenyan.md,ZhJpBook,wuzi,book-markdown,books/wuzi/markdown/wenyan.md,18008,1078,e331fcfe422c1d993e20decc54c1aed633eba3ffe907de52ded2373a4b1a6a22,catalogued-not-substantively-read
ZhJpBook:books/xixiangji/markdown/wenyan.md,ZhJpBook,xixiangji,book-markdown,books/xixiangji/markdown/wenyan.md,136373,6928,8f4ffd5485ca51277e994c4b8bd41b8404e8b37c40bfb2f065d1f9b1f72d490a,catalogued-not-substantively-read
ZhJpBook:books/xu-xiake-youji/markdown/wenyan.md,ZhJpBook,xu-xiake-youji,book-markdown,books/xu-xiake-youji/markdown/wenyan.md,1725231,87525,6a3f01e24d7234e76bb6e8a538742e93fb4989877630875037b498579806a41f,catalogued-not-substantively-read
ZhJpBook:books/xu-zhimo-poems/markdown/en.md,ZhJpBook,xu-zhimo-poems,book-markdown,books/xu-zhimo-poems/markdown/en.md,1600,168,9ea5817e3766d3d4b056a12e8e33b3166f71d0264ba0359a972841907efc4012,catalogued-not-substantively-read
ZhJpBook:books/xu-zhimo-poems/markdown/ja.md,ZhJpBook,xu-zhimo-poems,book-markdown,books/xu-zhimo-poems/markdown/ja.md,1632,144,c7ef6bef2f87b792561090f4a43cf315ac47622cedbacd78a0e6bbd08280ca30,catalogued-not-substantively-read
ZhJpBook:books/xu-zhimo-poems/markdown/zh.md,ZhJpBook,xu-zhimo-poems,book-markdown,books/xu-zhimo-poems/markdown/zh.md,38729,1663,78c52a1da39fbf8e2b9892dd14065ccf548ce201fd4cd3002c935374360c96c1,catalogued-not-substantively-read
ZhJpBook:books/xu-zhimo-poems-spark/markdown/en.md,ZhJpBook,xu-zhimo-poems-spark,book-markdown,books/xu-zhimo-poems-spark/markdown/en.md,1600,168,9ea5817e3766d3d4b056a12e8e33b3166f71d0264ba0359a972841907efc4012,catalogued-not-substantively-read
ZhJpBook:books/xu-zhimo-poems-spark/markdown/ja.md,ZhJpBook,xu-zhimo-poems-spark,book-markdown,books/xu-zhimo-poems-spark/markdown/ja.md,1632,144,c7ef6bef2f87b792561090f4a43cf315ac47622cedbacd78a0e6bbd08280ca30,catalogued-not-substantively-read
ZhJpBook:books/xu-zhimo-poems-spark/markdown/zh.md,ZhJpBook,xu-zhimo-poems-spark,book-markdown,books/xu-zhimo-poems-spark/markdown/zh.md,38729,1663,78c52a1da39fbf8e2b9892dd14065ccf548ce201fd4cd3002c935374360c96c1,catalogued-not-substantively-read
ZhJpBook:books/xunzi/markdown/wenyan.md,ZhJpBook,xunzi,book-markdown,books/xunzi/markdown/wenyan.md,418529,23961,095effd403dce18fb498ff668995669ce416edcf9531c1953f0de9b62e753acb,catalogued-not-substantively-read
ZhJpBook:books/yantielun/markdown/wenyan.md,ZhJpBook,yantielun,book-markdown,books/yantielun/markdown/wenyan.md,181860,9871,733253200a976e3da3ece6baf6dec8f2f11376447abbc4bc4ccc9588b3f3b50b,catalogued-not-substantively-read
ZhJpBook:books/yeats-collected-poems/markdown/en.md,ZhJpBook,yeats-collected-poems,book-markdown,books/yeats-collected-poems/markdown/en.md,616872,112584,f506614ebd07a481dcd551cb9d9c501b9e3dc87e383973d35fcda2108275dc87,catalogued-not-substantively-read
ZhJpBook:books/yeats-collected-poems/markdown/zh.md,ZhJpBook,yeats-collected-poems,book-markdown,books/yeats-collected-poems/markdown/zh.md,935,62,08922873cae04439300c0a7441f09f2b3aa857cb7366c1a00172e66eb941e1a9,catalogued-not-substantively-read
ZhJpBook:books/yeats-collected-poems-spark/markdown/en.md,ZhJpBook,yeats-collected-poems-spark,book-markdown,books/yeats-collected-poems-spark/markdown/en.md,616872,112584,f506614ebd07a481dcd551cb9d9c501b9e3dc87e383973d35fcda2108275dc87,catalogued-not-substantively-read
ZhJpBook:books/yeats-collected-poems-spark/markdown/zh.md,ZhJpBook,yeats-collected-poems-spark,book-markdown,books/yeats-collected-poems-spark/markdown/zh.md,935,62,08922873cae04439300c0a7441f09f2b3aa857cb7366c1a00172e66eb941e1a9,catalogued-not-substantively-read
ZhJpBook:books/yijing/markdown/wenyan.md,ZhJpBook,yijing,book-markdown,books/yijing/markdown/wenyan.md,132498,9905,020099f8a1726530d6fd581c55beab4e618adb731713e76440b767a160f79b75,catalogued-not-substantively-read
ZhJpBook:books/your-money-or-your-life/markdown/en.md,ZhJpBook,your-money-or-your-life,book-markdown,books/your-money-or-your-life/markdown/en.md,578493,99533,8cc031377a9754a4975a4dbe7b1f0954f19f193e9195bc831828512208a9955c,catalogued-not-substantively-read
ZhJpBook:books/your-money-or-your-life-complete-structure-repair/markdown/en.md,ZhJpBook,your-money-or-your-life-complete-structure-repair,book-markdown,books/your-money-or-your-life-complete-structure-repair/markdown/en.md,571546,99151,122855d03bf12ae2615d79a4aa05ba8de01dd74a6e752e07334fc8db940f6d8b,catalogued-not-substantively-read
ZhJpBook:books/zhanguoce/markdown/wenyan.md,ZhJpBook,zhanguoce,book-markdown,books/zhanguoce/markdown/wenyan.md,547759,29975,63eb83ef1af40d7e578b80f752eed15f6bf23d241c3ad878d3478097dc6dc86d,catalogued-not-substantively-read
ZhJpBook:books/zhuangzi/markdown/wenyan.md,ZhJpBook,zhuangzi,book-markdown,books/zhuangzi/markdown/wenyan.md,241827,12814,6e050703954cb51312950285ad24cee73a42d66bf91e0700e0383a2534918957,catalogued-not-substantively-read
ZhJpBook:books/zizhi-tongjian/markdown/wenyan.md,ZhJpBook,zizhi-tongjian,book-markdown,books/zizhi-tongjian/markdown/wenyan.md,17447410,1064535,8c38d75fe3dff92552ee6cb5fea6855ae71280eb9f2f4a38f0ba36d1d76daf17,catalogued-not-substantively-read
ZhJpBook:books/zuozhuan/markdown/wenyan.md,ZhJpBook,zuozhuan,book-markdown,books/zuozhuan/markdown/wenyan.md,725617,45870,ca86d6e12ee171f17fa4a268231b1a14bcdad91fbb5fef6dbc3888bdcc61f868,catalogued-not-substantively-read
LazyLearn:markdown/lazylearn/how-you-speak-and-write/01 - Harvard Professor Explains The Rules of Writing — Steven Pinker [nBQPnvmaNcE].md,LazyLearn,how-you-speak-and-write,timestamped-transcript,markdown/lazylearn/how-you-speak-and-write/01 - Harvard Professor Explains The Rules of Writing — Steven Pinker [nBQPnvmaNcE].md,74856,15998,120f6b2b5cd829c53e6f83b032d30a7a7fca3363632a3a33e9438f0259ee40b1,catalogued-not-substantively-read
LazyLearn:markdown/lazylearn/how-you-speak-and-write/02 - How to Write a Novel： My Proven 12-Step Process [Rn__v80q7_w].md,LazyLearn,how-you-speak-and-write,timestamped-transcript,markdown/lazylearn/how-you-speak-and-write/02 - How to Write a Novel： My Proven 12-Step Process [Rn__v80q7_w].md,32011,6540,15980924ae2d64a10693ec5ba292495b63aa03b9ea2a1579e1bbda7f1139e0b0,catalogued-not-substantively-read
LazyLearn:markdown/lazylearn/how-you-speak-and-write/03 - Five Tips for Writing Your First Novel—Brandon Sanderson [mMeNnX1FGgg].md,LazyLearn,how-you-speak-and-write,timestamped-transcript,markdown/lazylearn/how-you-speak-and-write/03 - Five Tips for Writing Your First Novel—Brandon Sanderson [mMeNnX1FGgg].md,24859,5293,b01ecf18d3add81d4b1d708eb2abe4978b7fd65c40f8c49f23af6746d8f9b0c7,catalogued-not-substantively-read
LazyLearn:markdown/lazylearn/how-you-speak-and-write/04 - The Mindset Behind An Unforgettable Novel (Amor Towles Interview) [rVk5wDKiupA].md,LazyLearn,how-you-speak-and-write,timestamped-transcript,markdown/lazylearn/how-you-speak-and-write/04 - The Mindset Behind An Unforgettable Novel (Amor Towles Interview) [rVk5wDKiupA].md,139145,29881,484ba129b1dd240de13c38a59fe97d81c7b14a8308cb068458f3cbea6574feaf,catalogued-not-substantively-read
LazyLearn:markdown/lazylearn/how-you-speak-and-write/05 - How to Write a Book： 13 Steps From a Bestselling Author [yHKKtxliYaY].md,LazyLearn,how-you-speak-and-write,timestamped-transcript,markdown/lazylearn/how-you-speak-and-write/05 - How to Write a Book： 13 Steps From a Bestselling Author [yHKKtxliYaY].md,34003,7389,1d3c7492fb599f453bd73c949c215f28e6a7cc6336c0bee8521f9f314363e4ad,catalogued-not-substantively-read
LazyLearn:markdown/lazylearn/how-you-speak-and-write/06 - How to write descriptively - Nalo Hopkinson [RSoRzTtwgP4].md,LazyLearn,how-you-speak-and-write,timestamped-transcript,markdown/lazylearn/how-you-speak-and-write/06 - How to write descriptively - Nalo Hopkinson [RSoRzTtwgP4].md,7268,1497,7681b4dc9d58c895ac89231a81cb5a3aedaa05d2ae198a4386a25454bec5c539,catalogued-not-substantively-read
LazyLearn:markdown/lazylearn/how-you-speak-and-write/07 - How to write a bestselling novel with author Ken Follett ｜ BBC News [CgG5Bnscrgg].md,LazyLearn,how-you-speak-and-write,timestamped-transcript,markdown/lazylearn/how-you-speak-and-write/07 - How to write a bestselling novel with author Ken Follett ｜ BBC News [CgG5Bnscrgg].md,7009,1554,343a9dd461a810e565c80ce7a4ddc51a6fd50d100afdd2a46d6ae0c29f783b24,catalogued-not-substantively-read
LazyLearn:markdown/lazylearn/how-you-speak-and-write/08 - Pulitzer Prize-Winner Explains His Writing Process — Richard Powers [QUDlpMN-f5w].md,LazyLearn,how-you-speak-and-write,timestamped-transcript,markdown/lazylearn/how-you-speak-and-write/08 - Pulitzer Prize-Winner Explains His Writing Process — Richard Powers [QUDlpMN-f5w].md,141994,31073,af2289716fee706ac9520776d2e7e615708b9e47e1947b63983ddb4630f4f625,catalogued-not-substantively-read
LazyLearn:markdown/lazylearn/how-you-speak-and-write/09 - How to build a fictional world - Kate Messner [ZQTQSbjecLg].md,LazyLearn,how-you-speak-and-write,timestamped-transcript,markdown/lazylearn/how-you-speak-and-write/09 - How to build a fictional world - Kate Messner [ZQTQSbjecLg].md,7207,1442,6a17c20ceb939cbb08f4d8bba6cc4b37af11a25a99b3b61b5203cfb05111ae89,catalogued-not-substantively-read
"LazyLearn:markdown/lazylearn/how-you-speak-and-write/10 - How to Show, Not Tell： The Complete Writing Guide [YAKcbvioxFk].md",LazyLearn,how-you-speak-and-write,timestamped-transcript,"markdown/lazylearn/how-you-speak-and-write/10 - How to Show, Not Tell： The Complete Writing Guide [YAKcbvioxFk].md",43315,8568,26d3fdf512025a706544ac3ff91660403933b72ed959c564aa5f5ac2db1116aa,catalogued-not-substantively-read
LazyLearn:markdown/lazylearn/how-you-speak-and-write/11 - How to Speak [Unzc731iCUY].md,LazyLearn,how-you-speak-and-write,timestamped-transcript,markdown/lazylearn/how-you-speak-and-write/11 - How to Speak [Unzc731iCUY].md,92220,20128,75a86b90b589621952e4f12c36f32160f4a404aaeeee50e9e4d7dc619e2bae06,catalogued-not-substantively-read
LazyLearn:markdown/lazylearn/how-you-speak-and-write/12 - How to Speak So That People Want to Listen ｜ Julian Treasure ｜ TED [eIho2S0ZahI].md,LazyLearn,how-you-speak-and-write,timestamped-transcript,markdown/lazylearn/how-you-speak-and-write/12 - How to Speak So That People Want to Listen ｜ Julian Treasure ｜ TED [eIho2S0ZahI].md,18973,4086,b66252bd7a2a1e0a0702cac8e5a8a170af291f07eb1acf9cfde2da4c94a3fcd5,catalogued-not-substantively-read
LazyLearn:markdown/lazylearn/how-you-speak-and-write/13 - The 3-2-1 Speaking Trick That Forces You To Stop Rambling! [5m-C5mwpmxU].md,LazyLearn,how-you-speak-and-write,timestamped-transcript,markdown/lazylearn/how-you-speak-and-write/13 - The 3-2-1 Speaking Trick That Forces You To Stop Rambling! [5m-C5mwpmxU].md,12560,2736,5e85d4812509ac3332b629583bfa1e40d80c0b1c64d07659c785f83ad2868f79,catalogued-not-substantively-read
LazyLearn:markdown/lazylearn/how-you-speak-and-write/16 - Harvard Thinking： How to Tell a Story [ZhVz6CYpjVI].md,LazyLearn,how-you-speak-and-write,timestamped-transcript,markdown/lazylearn/how-you-speak-and-write/16 - Harvard Thinking： How to Tell a Story [ZhVz6CYpjVI].md,58432,12535,ddce9578aee04f4d6cd9e8757988feb20739a7299ead3a6c26c7463af1f5ba83,catalogued-not-substantively-read
LazyLearn:markdown/lazylearn/how-you-speak-and-write/17 - Cambridge Professor： Why All Writing Sounds the Same Now (Robert Macfarlane) [rdsE9XqB2bI].md,LazyLearn,how-you-speak-and-write,timestamped-transcript,markdown/lazylearn/how-you-speak-and-write/17 - Cambridge Professor： Why All Writing Sounds the Same Now (Robert Macfarlane) [rdsE9XqB2bI].md,165997,36123,1bc91b053709631ec7d30fb51a44b58f39ec33ff732337a0b5e4f7848ed66408,catalogued-not-substantively-read
LazyLearn:markdown/lazylearn/how-you-speak-and-write/18 - How to Write Strikingly Well (Lee Child Interview) [uHBKKvDbQaY].md,LazyLearn,how-you-speak-and-write,timestamped-transcript,markdown/lazylearn/how-you-speak-and-write/18 - How to Write Strikingly Well (Lee Child Interview) [uHBKKvDbQaY].md,109282,23736,e84cf924ea18c4b3df83e405bf90c3894132c72adcc2d488c6643feefaa37d8f,catalogued-not-substantively-read
LazyLearn:markdown/lazylearn/how-you-speak-and-write/19 - Ocean Vuong Teaches the Art of Writing (NYU Professor) [kn4r4CmWmUw].md,LazyLearn,how-you-speak-and-write,timestamped-transcript,markdown/lazylearn/how-you-speak-and-write/19 - Ocean Vuong Teaches the Art of Writing (NYU Professor) [kn4r4CmWmUw].md,145761,31102,a039e1edec2f672d13db9d0f16e9d7e5b259c770ecfc8458c39214184bfd4a2b,catalogued-not-substantively-read
LazyLearn:markdown/lazylearn/how-you-speak-and-write/How to Force Yourself To Speak Coherently [aUBPWT-D5_U].md,LazyLearn,how-you-speak-and-write,timestamped-transcript,markdown/lazylearn/how-you-speak-and-write/How to Force Yourself To Speak Coherently [aUBPWT-D5_U].md,15295,3306,74414b4ee95b29f5871f0c3f8a48201322e03bf0a37e5df30ddfe59fab18cc80,catalogued-not-substantively-read
LazyLearn:markdown/lazylearn/how-you-speak-and-write/How to speak with meaning [PJKeLD-vMvo].md,LazyLearn,how-you-speak-and-write,timestamped-transcript,markdown/lazylearn/how-you-speak-and-write/How to speak with meaning [PJKeLD-vMvo].md,17301,3728,739b55649ebfa52e8dad56b20848f0bf93c398ae2720499cc69b12c2e220a3e2,catalogued-not-substantively-read
LazyLearn:markdown/lazylearn/justice-with-michael-sandel/001 - Justice： What's The Right Thing To Do？ Episode 01 ＂THE MORAL SIDE OF MURDER＂ [kBdfcR-8hEY].md,LazyLearn,justice-with-michael-sandel,timestamped-transcript,markdown/lazylearn/justice-with-michael-sandel/001 - Justice： What's The Right Thing To Do？ Episode 01 ＂THE MORAL SIDE OF MURDER＂ [kBdfcR-8hEY].md,81034,17384,5f215fa82b4786a6180c93c56a23755536d760abd660e020edd7bae050ab25a2,catalogued-not-substantively-read
LazyLearn:markdown/lazylearn/justice-with-michael-sandel/002 - Justice： What's The Right Thing To Do？ Episode 02： ＂PUTTING A PRICE TAG ON LIFE＂ [0O2Rq4HJBxw].md,LazyLearn,justice-with-michael-sandel,timestamped-transcript,markdown/lazylearn/justice-with-michael-sandel/002 - Justice： What's The Right Thing To Do？ Episode 02： ＂PUTTING A PRICE TAG ON LIFE＂ [0O2Rq4HJBxw].md,70128,14807,b11470cd94ed09bdfa2db7544293e11367e55f70292cb8a28fdb4bd5f9fdec2d,catalogued-not-substantively-read
LazyLearn:markdown/lazylearn/justice-with-michael-sandel/003 - Justice： What's The Right Thing To Do？ Episode 03： ＂FREE TO CHOOSE＂ [Qw4l1w0rkjs].md,LazyLearn,justice-with-michael-sandel,timestamped-transcript,markdown/lazylearn/justice-with-michael-sandel/003 - Justice： What's The Right Thing To Do？ Episode 03： ＂FREE TO CHOOSE＂ [Qw4l1w0rkjs].md,83686,17962,d857c2aa2efe9ab9d09ff535889139591e3265c94af44956977ce83753b02b06,catalogued-not-substantively-read
LazyLearn:markdown/lazylearn/justice-with-michael-sandel/004 - Justice： What's The Right Thing To Do？ Episode 04： ＂THIS LAND IS MY LAND＂ [MGyygiXMzRk].md,LazyLearn,justice-with-michael-sandel,timestamped-transcript,markdown/lazylearn/justice-with-michael-sandel/004 - Justice： What's The Right Thing To Do？ Episode 04： ＂THIS LAND IS MY LAND＂ [MGyygiXMzRk].md,81832,17676,8b7fba970b26dacf5435d564ddcca9703f7cb05ed3cd4280160286488090e211,catalogued-not-substantively-read
LazyLearn:markdown/lazylearn/justice-with-michael-sandel/005 - Justice： What's The Right Thing To Do？ Episode 05： ＂HIRED GUNS＂ [8yT4RZy1t3s].md,LazyLearn,justice-with-michael-sandel,timestamped-transcript,markdown/lazylearn/justice-with-michael-sandel/005 - Justice： What's The Right Thing To Do？ Episode 05： ＂HIRED GUNS＂ [8yT4RZy1t3s].md,75521,16143,e9d316b8c8855c5b99d70157d3698d7dac8f957416fe4f8a53ab7f8b7c6365a7,catalogued-not-substantively-read
LazyLearn:markdown/lazylearn/justice-with-michael-sandel/006 - Justice： What's The Right Thing To Do？ Episode 06： ＂MIND YOUR MOTIVE＂ [8rv-4aUbZxQ].md,LazyLearn,justice-with-michael-sandel,timestamped-transcript,markdown/lazylearn/justice-with-michael-sandel/006 - Justice： What's The Right Thing To Do？ Episode 06： ＂MIND YOUR MOTIVE＂ [8rv-4aUbZxQ].md,68355,14601,edb7e2a8a1e5cba09a6375b1a6251ccfb4d82f764f7c79f1d5ff42ccdf92360f,catalogued-not-substantively-read
LazyLearn:markdown/lazylearn/justice-with-michael-sandel/007 - Justice： What's The Right Thing To Do？ Episode 07： ＂A LESSON IN LYING＂ [KqzW0eHzDSQ].md,LazyLearn,justice-with-michael-sandel,timestamped-transcript,markdown/lazylearn/justice-with-michael-sandel/007 - Justice： What's The Right Thing To Do？ Episode 07： ＂A LESSON IN LYING＂ [KqzW0eHzDSQ].md,77326,16741,5273a60f040d2997010b12431f4e738d5fa36163e0d3d6d812a68a0e7e4c6f6e,catalogued-not-substantively-read
LazyLearn:markdown/lazylearn/justice-with-michael-sandel/008 - Justice： What's The Right Thing To Do？ Episode 08： ＂WHATS A FAIR START？＂ [VcL66zx_6No].md,LazyLearn,justice-with-michael-sandel,timestamped-transcript,markdown/lazylearn/justice-with-michael-sandel/008 - Justice： What's The Right Thing To Do？ Episode 08： ＂WHATS A FAIR START？＂ [VcL66zx_6No].md,74155,15788,6107be948de51882064a4a5850dcba42ce8afadee3250c8b634bda556cb9b14e,catalogued-not-substantively-read
LazyLearn:markdown/lazylearn/justice-with-michael-sandel/009 - Justice： What's The Right Thing To Do？ Episode 09： ＂ARGUING AFFIRMATIVE ACTION＂ [AUhReMT5uqA].md,LazyLearn,justice-with-michael-sandel,timestamped-transcript,markdown/lazylearn/justice-with-michael-sandel/009 - Justice： What's The Right Thing To Do？ Episode 09： ＂ARGUING AFFIRMATIVE ACTION＂ [AUhReMT5uqA].md,80088,16836,2beb469e735672f127c0a46a161afb796ec821b84f887db7549a4389a9eb4ee2,catalogued-not-substantively-read
LazyLearn:markdown/lazylearn/justice-with-michael-sandel/010 - Justice： What's The Right Thing To Do？ Episode 10： ＂THE GOOD CITIZEN＂ [MuiazbyOSqQ].md,LazyLearn,justice-with-michael-sandel,timestamped-transcript,markdown/lazylearn/justice-with-michael-sandel/010 - Justice： What's The Right Thing To Do？ Episode 10： ＂THE GOOD CITIZEN＂ [MuiazbyOSqQ].md,80028,17252,9209eac91e818af108197321ae21a7548d934d8d5f4f97bcfdca2ba2aaf98cd1,catalogued-not-substantively-read
LazyLearn:markdown/lazylearn/justice-with-michael-sandel/011 - Justice： What's The Right Thing To Do？ Episode 11： ＂THE CLAIMS OF COMMUNITY＂ [iOotE9_OGGs].md,LazyLearn,justice-with-michael-sandel,timestamped-transcript,markdown/lazylearn/justice-with-michael-sandel/011 - Justice： What's The Right Thing To Do？ Episode 11： ＂THE CLAIMS OF COMMUNITY＂ [iOotE9_OGGs].md,81415,17282,aa65f36275d8ff11fd93e35e6e0ca686eec11ec387bddcda6d04f9ae67bd90c7,catalogued-not-substantively-read
LazyLearn:markdown/lazylearn/justice-with-michael-sandel/012 - Justice： What's The Right Thing To Do？ Episode 12： ＂DEBATING SAME-SEX MARRIAGE＂ [EzD9P-9sj4M].md,LazyLearn,justice-with-michael-sandel,timestamped-transcript,markdown/lazylearn/justice-with-michael-sandel/012 - Justice： What's The Right Thing To Do？ Episode 12： ＂DEBATING SAME-SEX MARRIAGE＂ [EzD9P-9sj4M].md,85582,18180,71724b5015a7bea191d3f19104e3a359674f55e47682f9e99afb9a3fc1397258,catalogued-not-substantively-read
LazyLearn:markdown/lazylearn/justice-with-michael-sandel/013 - Justice with Michael Sandel - CCCB：  Bioethics： Designer children [aFcfygkMM0I].md,LazyLearn,justice-with-michael-sandel,timestamped-transcript,markdown/lazylearn/justice-with-michael-sandel/013 - Justice with Michael Sandel - CCCB：  Bioethics： Designer children [aFcfygkMM0I].md,9298,1908,e49e2998f61dfdf03e66623dda11b162488b3e192ac151f5060b8ccb555a26d9,catalogued-not-substantively-read
LazyLearn:markdown/lazylearn/justice-with-michael-sandel/014 - Justice with Michael Sandel - CCCB： Bioethics： Testing utilitarianism [mXjBJUwO660].md,LazyLearn,justice-with-michael-sandel,timestamped-transcript,markdown/lazylearn/justice-with-michael-sandel/014 - Justice with Michael Sandel - CCCB： Bioethics： Testing utilitarianism [mXjBJUwO660].md,1241,250,5d83449ede3927367487011979a875d7ff598f8a4b0d56e125818c3cb8e6aeb5,catalogued-not-substantively-read
LazyLearn:markdown/lazylearn/justice-with-michael-sandel/015 - Justice with Michael Sandel - BBC： Fair pay？ [xKxta8FLTVY].md,LazyLearn,justice-with-michael-sandel,timestamped-transcript,markdown/lazylearn/justice-with-michael-sandel/015 - Justice with Michael Sandel - BBC： Fair pay？ [xKxta8FLTVY].md,7111,1530,3199026af03841daa4557059869223db78e527f036ba288be8f2391b6a26050d,catalogued-not-substantively-read
LazyLearn:markdown/lazylearn/justice-with-michael-sandel/016 - Justice with Michael Sandel - BBC：  Justice： Torture and human dignity [7FR-FuhN2HM].md,LazyLearn,justice-with-michael-sandel,timestamped-transcript,markdown/lazylearn/justice-with-michael-sandel/016 - Justice with Michael Sandel - BBC：  Justice： Torture and human dignity [7FR-FuhN2HM].md,10090,2110,336dd665b7c39b09e2789b93030bbf2953fbeaac43f71ba753e035c1f577f5fd,catalogued-not-substantively-read
LazyLearn:markdown/lazylearn/justice-with-michael-sandel/017 - Justice with Michael Sandel - BBC： Justice： Collective responsibility [YfdIAr6Zl5c].md,LazyLearn,justice-with-michael-sandel,timestamped-transcript,markdown/lazylearn/justice-with-michael-sandel/017 - Justice with Michael Sandel - BBC： Justice： Collective responsibility [YfdIAr6Zl5c].md,8578,1790,532cbe09c36de147701df93d3f59a927497f8e5adcbe092df8a1b853365584ca,catalogued-not-substantively-read
LazyLearn:markdown/lazylearn/justice-with-michael-sandel/018 - Justice with Michael Sandel - NHK： The Ultimate Choice [iKtPI8IMuOM].md,LazyLearn,justice-with-michael-sandel,timestamped-transcript,markdown/lazylearn/justice-with-michael-sandel/018 - Justice with Michael Sandel - NHK： The Ultimate Choice [iKtPI8IMuOM].md,6331,1013,de1e0893fc1c98251e303bfe126c849e57039032d20c136a9ef7d55d2f6969f4,catalogued-not-substantively-read
LazyLearn:markdown/lazylearn/justice-with-michael-sandel/019 - BBC Radio's The Public Philosopher with Michael Sandel ｜ Institute of Politics [cjFbdKyqDTA].md,LazyLearn,justice-with-michael-sandel,timestamped-transcript,markdown/lazylearn/justice-with-michael-sandel/019 - BBC Radio's The Public Philosopher with Michael Sandel ｜ Institute of Politics [cjFbdKyqDTA].md,126503,26816,7bea5e5015dcd347042adfb5049a5cfc8196466296b900e2c44a4068e38e511b,catalogued-not-substantively-read
LazyLearn:references/how-to-speak-and-write-layout-plan.md,LazyLearn,references,research-guide,references/how-to-speak-and-write-layout-plan.md,1758,174,77c0920fa6266d91fb2174f9fac06f82720b85d0121c636c4df139953cc51297,catalogued-not-substantively-read
LazyLearn:references/how-you-speak-and-write-proposed-order.md,LazyLearn,references,research-guide,references/how-you-speak-and-write-proposed-order.md,1998,312,df83e06ebe8bf124da85141fe7f3eb576b672f22add406ea5f70248800cba8c0,catalogued-not-substantively-read
LazyLearn:references/recommended_youtube_open_course.md,LazyLearn,references,research-guide,references/recommended_youtube_open_course.md,2044,325,bbd5557574fd7f8fba449537a11a6ff10abd4df2127ef90c221b6faa1b347971,catalogued-not-substantively-read
LazyLearn:references/video2book.md,LazyLearn,references,research-guide,references/video2book.md,2317,290,e015aa7d2799edcd46ae4d329932fe8f4d1fd9ee4a751ecff696ed619df58972,catalogued-not-substantively-read
leonardsusskind:theoretical_minimum_companion_notes/README.md,leonardsusskind,theoretical-minimum-companion-notes,physics-notes,theoretical_minimum_companion_notes/README.md,1261,162,474d40bc92e7f8e72658d90dc9ff5d4a151eec0b46d4197ac15f99a2bc44d892,catalogued-not-substantively-read
leonardsusskind:theoretical_minimum_companion_notes/core/cosmology/cosmology/cosmology.tex,leonardsusskind,theoretical-minimum-companion-notes,physics-notes,theoretical_minimum_companion_notes/core/cosmology/cosmology/cosmology.tex,129101,21128,369225d57ebf9451fa83debb86468158e33ed4be8b0e719cd158cd61ac31bfe5,catalogued-not-substantively-read
leonardsusskind:theoretical_minimum_companion_notes/core/general_relativity/gr/gr.tex,leonardsusskind,theoretical-minimum-companion-notes,physics-notes,theoretical_minimum_companion_notes/core/general_relativity/gr/gr.tex,110406,17514,a4b08884849cd93f573d7b571c4796bf87a1d7ba7943a35845b255574dab49bd,catalogued-not-substantively-read
leonardsusskind:theoretical_minimum_companion_notes/core/general_relativity/gr_exercises/gr-exercises.tex,leonardsusskind,theoretical-minimum-companion-notes,physics-notes,theoretical_minimum_companion_notes/core/general_relativity/gr_exercises/gr-exercises.tex,42639,6792,d82ead289ffb71330cb099159ac1b5748266d5130892dd16b8fbfda388ce9397,catalogued-not-substantively-read
leonardsusskind:theoretical_minimum_companion_notes/core/general_relativity/gr_miscellaneous_lectures/gr-misc.tex,leonardsusskind,theoretical-minimum-companion-notes,physics-notes,theoretical_minimum_companion_notes/core/general_relativity/gr_miscellaneous_lectures/gr-misc.tex,45384,6923,8bb9e1e5088c709807d0ab57e9a2aeb836a3725787f8e02ec17d3c2d18099196,catalogued-not-substantively-read
leonardsusskind:theoretical_minimum_companion_notes/core/statistical_mechanics/sm/sm.tex,leonardsusskind,theoretical-minimum-companion-notes,physics-notes,theoretical_minimum_companion_notes/core/statistical_mechanics/sm/sm.tex,51198,8351,93733f431d8d5bd899da09c69071bac80254c3122646e19ae2b64c27d7da6136,catalogued-not-substantively-read
leonardsusskind:theoretical_minimum_companion_notes/extras/quantum_field_theory/qft1_foundation/qft1.tex,leonardsusskind,theoretical-minimum-companion-notes,physics-notes,theoretical_minimum_companion_notes/extras/quantum_field_theory/qft1_foundation/qft1.tex,24410,4647,c5f57369cc719aa2d79a4f63ab0bfef144c7e69804875bc933c862dc76db2330,catalogued-not-substantively-read
leonardsusskind:theoretical_minimum_companion_notes/extras/quantum_field_theory/qft2_dirac_and_spinor/qft2.tex,leonardsusskind,theoretical-minimum-companion-notes,physics-notes,theoretical_minimum_companion_notes/extras/quantum_field_theory/qft2_dirac_and_spinor/qft2.tex,21191,3776,7a56a64a42bbfa9f5d6cb823d624444d606dff754fcde60cbcf584e280f9ab2b,catalogued-not-substantively-read
leonardsusskind:theoretical_minimum_companion_notes/shared/glossary-entries.tex,leonardsusskind,theoretical-minimum-companion-notes,physics-notes,theoretical_minimum_companion_notes/shared/glossary-entries.tex,4226,592,cda9a919b206cad5a07276b77c6a6fd539b3c3896209425b483d15aae6d3fddf,catalogued-not-substantively-read
leonardsusskind:theoretical_minimum_companion_notes/supplementary/advanced_quantum_mechanics/aqm/aqm.tex,leonardsusskind,theoretical-minimum-companion-notes,physics-notes,theoretical_minimum_companion_notes/supplementary/advanced_quantum_mechanics/aqm/aqm.tex,141304,22904,61e7be9644235e4869e5bb641434725a02bc780fad8e0c82b9f0bb6295a8f7bc,catalogued-not-substantively-read
leonardsusskind:theoretical_minimum_companion_notes/supplementary/higgs_boson/demystifying_the_higgs_boson/higgs.tex,leonardsusskind,theoretical-minimum-companion-notes,physics-notes,theoretical_minimum_companion_notes/supplementary/higgs_boson/demystifying_the_higgs_boson/higgs.tex,18776,2785,b44949ae7c54be0b04a450c916c699c9e9ce813aebd06a7393d0d3dd12c1f47f,catalogued-not-substantively-read
leonardsusskind:theoretical_minimum_companion_notes/supplementary/particle_physics_1_basic_concepts/particles1/particles1.tex,leonardsusskind,theoretical-minimum-companion-notes,physics-notes,theoretical_minimum_companion_notes/supplementary/particle_physics_1_basic_concepts/particles1/particles1.tex,111376,18540,f50c13b545fcd05b2a4caf4cd526c87cdc4c81f2a9112920e12e3cae2e9cde4e,catalogued-not-substantively-read
leonardsusskind:theoretical_minimum_companion_notes/supplementary/particle_physics_2_standard_model/particles2/particles2.tex,leonardsusskind,theoretical-minimum-companion-notes,physics-notes,theoretical_minimum_companion_notes/supplementary/particle_physics_2_standard_model/particles2/particles2.tex,158754,25629,80b7720aec37cb7031c7f53b9b7a8f97e2feba1b9f096163c6c05d3aae3652b8,catalogued-not-substantively-read
leonardsusskind:theoretical_minimum_companion_notes/supplementary/particle_physics_3_supersymmetry_and_grand_unification/particles3/particles3.tex,leonardsusskind,theoretical-minimum-companion-notes,physics-notes,theoretical_minimum_companion_notes/supplementary/particle_physics_3_supersymmetry_and_grand_unification/particles3/particles3.tex,77859,12381,d49a6360f2435dec258761a390f7a292c0c4ee67791f01402854aba12c75c944,catalogued-not-substantively-read
leonardsusskind:theoretical_minimum_companion_notes/supplementary/quantum_entanglement/entanglement_part_1/entanglement.tex,leonardsusskind,theoretical-minimum-companion-notes,physics-notes,theoretical_minimum_companion_notes/supplementary/quantum_entanglement/entanglement_part_1/entanglement.tex,85581,13988,1e92abf45dea314eeb5d2eff98e505ab754f9f159cf21918cfd59e3f2b8c9376,catalogued-not-substantively-read
Books:references/CURATED_BOOK_LIST.md,Books,references,research-guide,references/CURATED_BOOK_LIST.md,8659,1124,18e259a676e9f67ab0b6eb265febdd27fe565f6c13b821d1de217eb50b798be4,catalogued-not-substantively-read
Books:references/WEALTH_BUSINESS_SUCCESS_READING_GUIDE_2026-07-11.md,Books,references,research-guide,references/WEALTH_BUSINESS_SUCCESS_READING_GUIDE_2026-07-11.md,18826,2304,fa9a8e15081c3f1669858fb1ade7581a5ed12268a11a8cafe0652a2d50d26605,catalogued-not-substantively-read
